电影,导演,编剧,主演,类型,制片国家/地区,语言,上映日期,片长,又名
大雄的怀念奶奶,渡边步,藤子·F·不二雄,大山信代/小原乃梨子/立壁和也/肝付兼太/野村道子/高村章子/千千松幸子/大本真基子/关智一/くじら/佐久间玲,动画,日本,日语,2000-03-11,26分,奶奶的思念/奶奶的回忆
代号基亚斯：反叛的鲁路修1之兴道,谷口悟朗,大河内一楼/谷口悟朗,福山润/樱井孝宏/野上尤加奈/小清水亚美/名塚佳织/折笠富美子/大原沙耶香/杉山纪彰/千叶纱子/若本规夫/井上喜久子/皆川纯子/南央美/梁田清之/成田剑/飞田展男/中田让治/真殿光昭/桧山修之/加濑康之/新井里美/私市淳/二又一成/辻亲八,科幻/动画,日本,日语,2017-10-21(日本),135分钟,CodeGeass:LelouchoftheRebellion/CODEGEASS:PannideLuluxiuI-Xingdao/KôdoGiasu:HangyakunoRurûshuI-Kôdô
欢乐时光,滨口龙介,滨口龙介/野原位/高桥知由,田中幸惠/菊池叶月/三原麻衣子/川村莉拉/申芳夫/三浦博之/謝花喜天/柴田修平/出村弘美/坂庄基/久貝亜美/田辺泰信/渋谷采郁/福永祥子/伊藤勇一郎/殿井歩/椎橋怜奈,剧情,日本,日语,2015-12-12(日本),317分钟,她们最好的时光(港)/HappyHour/Senses
悠哉日常大王剧场版：假期活动,川面真也,吉田玲子,小岩井小鸟/村川梨衣/佐仓绫音/阿澄佳奈/名塚佳织/佐藤利奈/福圆美里/新谷良子/下地紫野/平松晶子/筱原惠美/绫濑有,喜剧/动画,日本,日语,2018-08-25(日本),71分钟,NonNonBiyoritheMovie:Vacation
莫扎特！,HarryKupfer,MichaelKunze,OedoKuipers/ThomasBorchert/MarkSeibert/FranziskaSchuster,歌舞,奥地利Austria,德语,2015-12-04(奥地利),,
卡斯特纳与小星期二,沃尔夫冈·穆尔恩贝格,DorotheeSchön,弗洛里安·大卫·菲茨/NikolausBarton/HansLöw/NicoRamonKleemann/JaschaBaum,剧情,德国,德语,2016-06-26(德国),90分钟,友谊之桥
浓情酒乡,塞德里克·克拉皮斯,塞德里克·克拉皮斯/圣地亚哥·阿米戈雷纳/让-马克·鲁洛,皮奥·马麦/安娜·吉拉多特/弗朗索瓦·西维尔/让-马克·鲁洛/玛利亚·瓦沃德/雅米·库卓/让-马利·文灵/弗罗伦斯·派梅尔/埃里克·卡拉瓦卡/萨拉·格莱宾/陶菲克·杰拉巴/卡丽佳·图尔,剧情/喜剧,法国,法语/英语/西班牙语,2017-06-14(法国),113分钟,情寻酒乡(港)/回到勃艮第/BackToBurgundy
续·终物语,新房昭之,新房昭之/西尾维新/东富耶子,神谷浩史/斋藤千和/加藤英美里/泽城美雪/花泽香菜/堀江由衣/喜多村英梨/井口裕香/早见沙织/井上麻里奈/坂本真绫/水桥香织/根谷美智子,动画,日本,日语,2018-11-10(日本),148分钟,
独孤：倒回,崔恩重,,吴世勋/姜美娜/李济延/金熙镇/姜多贤/安宝贤,动作,韩国,韩语,2018-09-07(韩国),200分钟,独孤rewind
遥望南方的童年,易寒,,易志兵/何伟欣/谢媛,剧情,中国大陆,普通话/国语,2007,91分钟,TheRisingStarKindergarten
我这样过了一生,张毅,张毅/萧飒,杨惠姗/李立群/刘明/文英/英英/丁也恬/萧志文/吴敏/邵罗辉/胡翔评/罗条慧/周平/林正明/蔡瑟芬/陈显元/陈玉辉/庹宗康/罗文诚,剧情/家庭,台湾,汉语普通话,1985-10-09(台湾),120分钟,"Kuei-mei,aWoman"
银河铁道之夜,杉井仪三郎,宫泽贤治/HiroshiMasumura/別役实MinoruBetsuyaku,田中真弓/坂本千夏/堀絢子JunkoHori/纳谷悟朗/金田龙之介,剧情/动画/悬疑/奇幻/冒险,日本,日语,1985-07-13(日本),113分钟,Ginga-tetsudonoyoru/NightontheGalacticRailroad/NightontheMilkyWayRailroad/银河铁道之夜
我的英雄学院 第2季：英雄笔记,长崎健司,黑田洋介,山下大辉/冈本信彦/佐仓绫音/石川界人/梶裕贵YûkiKaji/增田俊树/广桥凉/悠木碧/井上麻里奈/细谷佳正/喜多村英梨/真堂圭,剧情/动作/动画,日本,日语,2017-03-25,24分钟,
罗马11时,朱塞佩·德·桑蒂斯,朱塞佩·德·桑蒂斯/科拉多·阿尔瓦罗/巴西利奥·弗兰基纳/埃里奥·贝多利/詹尼·普奇尼/鲁道夫·索内戈/切萨雷·扎瓦蒂尼,伊娃·瓦尼切克/卡拉·德尔·波吉奥/马西莫·吉洛蒂/露西娅·波塞/雷夫·瓦朗/埃莱娜·瓦尔齐/莱亚·帕多瓦尼/德利娅·斯卡拉/伊雷娜·加尔特/保罗·斯陶帕/玛丽亚·格拉齐亚·弗兰恰/NaudioDiClaudio/阿曼多·弗兰西欧利/保拉·布鲁布尼/RomoloBartolomeo,剧情,意大利/法国,意大利语,1952-02-27(意大利),107分钟,Rome11:00/罗马十一时/罗马十一点钟
柠檬水,碧昂丝·诺尔斯/乔纳斯·阿克伦德/卡希尔·约瑟夫,华沙·希雷,碧昂丝·诺尔斯/杰斯/克洛伊·贝利/哈里·贝里/米凯拉·迪普利斯/马修·诺尔斯/蒂娜·诺尔斯/理查德·劳森/奎文赞妮·瓦利斯/塞蕾娜·威廉姆斯/赞达亚/阿曼德拉·斯坦伯格,音乐,美国,英语,2016-04-23(美国),65分钟,
葛饰北斋：为画痴狂,PatriciaWheatley,,蒂姆·克拉克/罗杰·凯斯,紀錄片Documentary,英国,英語English,2017-06-04(英国),90分钟,BritishMuseumpresents:Hokusai
笑傲江湖,黄健中/元彬,,李亚鹏/许晴/巍子/李解/茅威涛/苗乙乙/吕晓禾/涂们/刘冬/彭登怀/修宗迪/丛志军,剧情/动作/爱情/武侠/古装,中国大陆,汉语普通话,2003-05(中国大陆),112分钟,笑傲江湖电影版
黄子华栋笃笑之金盘𠺘口,黄子华,黄子华,黄子华,喜剧,香港,粤语,2018-07-06(香港),160分钟,
旅猫日记,三木康一郎,有川浩/平松惠美子,福士苍汰/高畑充希/广濑爱丽丝/大野拓朗/山本凉介/前野朋哉/竹内结子,剧情,日本,日语,2018-10-26(日本),118分钟,TabinekoReport/TheTravellingCatChronicles
不设限通缉,西德尼·吕美特,妮奧美·芳娜,克里斯汀·拉蒂/瑞凡·菲尼克斯/玛莎·普林顿/贾德·赫希/乔纳斯·阿布里,剧情/音乐/犯罪,美国,英语,1988-09-09,116分钟,空转/凭空跃进/一事无成
妄想学生会 剧场版,金泽洪充,金泽洪充/氏家ト全(原作),浅沼晋太郎/日笠阳子/佐藤聪美/矢作纱友里/斋藤千和/上坂堇/下田麻美/日野未步/加藤英美里/小见川千明/小林优/新井里美/田村睦心/椎名碧流/平野文/布里德卡特·塞拉·惠美/田中爱美/白石稔,喜剧/动画,日本,日语,2017-07-21(日本),60分钟,
青春冒险王,米歇尔·贡德里,米歇尔·贡德里,安格·达尔让/希奥菲尔·巴奎特/奥黛丽·塔图/法比奥·泽诺尼/让娜·比蒂诺娃/泽姆斯基/马克·德拉鲁/戴安·贝尼耶/文森特·拉穆勒/萨沙·布铎,喜剧,法国,法语,2015-07-08(法国),105分钟,两个沸青去旅行(港)/Microbe&Gasoline
克罗地亚宪法,拉伊科·格尔利奇,拉伊科·格尔利奇/安特·托米奇,内博伊沙·格洛戈瓦茨/德扬·阿西莫维奇/克塞尼娅·马林科维奇/博兹达尔·斯密贾尼克/玛拉登·赫仁/玛蒂贾·希吉尔/兹登科·杰尔克/罗伯特·乌格里纳/泽利科·科尼斯内特/伊莲娜·乔瓦诺娃/卢卡·德拉季奇/达丽娅·洛伦西/泽利科·杜夫尼亚克,剧情/喜剧/同性,克罗地亚/捷克/斯洛文尼亚/马其顿,克罗地亚语,2016-09-03(蒙特利尔电影节)/2016-10-06(克罗地亚),93分钟,TheConstitution/ConstitutionoftheRepublicofCroatia
砂制时镜下的疗养院,沃伊切赫·哈斯,沃伊切赫·哈斯/布鲁诺·舒尔茨,扬·诺维茨基/塔德乌什·孔德拉特/伊雷娜·奥斯卡/哈利娜·科瓦尔斯卡/格斯塔·霍洛贝克,剧情/奇幻,波兰,波兰语,1973-12-12,124分钟,沙漏/用沙漏做招牌的疗养院/TheSandglass/TheHourglassSanatorium
工作,埃曼诺·奥尔米,埃曼诺·奥尔米/EttoreLombardo,LoredanaDetto/SandroPanseri/MaraRevel/图利奥·凯齐赫,剧情/喜剧,意大利,意大利语,1962-10-15,93分钟,年轻人的烦恼/谋职记/TheJob
理查三世,多米尼克·库克,本·鲍尔,本尼迪克特·康伯巴奇/朱迪·丹奇/凯莉·霍威/本·丹尼尔斯/苏菲·奥康内多/詹姆斯·弗雷特/菲比·福克斯/山姆·特劳顿/卢克·崔德威,剧情/传记/历史,英国,英语,2016-05-21(英国),130分钟,空王冠：玫瑰战争3/TheHollowCrown:TheWarsOfTheRoses3
阴谋,弗兰克·皮尔森,洛林·曼德尔,ClareBullus/StanleyTucci/SimonMarkey/KennethBranagh,剧情/历史/战争,美国/英国,英语/德语,2001-05-19,92分钟,纳粹大猎杀/万湖会议/纳粹屠杀阴谋
与安德烈晚餐,路易·马勒,安德烈·格雷戈里/华莱士·肖恩,华莱士·肖恩/安德烈·格雷戈里/让·莱瑙尔/RoyButler,剧情/喜剧,美国,英语,1981-10-11,110分钟,与安德雷共进晚餐/与安德雷吃晚餐/MyDinnerwithAndré
帷幕：波洛的最后一案,希提·麦克唐纳,阿加莎·克里斯蒂/凯文·埃尔约特,大卫·苏切/休·弗拉瑟/艾丹·麦克阿德尔/艾丽丝·奥尔尤因/海伦·巴克森代尔/大卫·叶兰德,悬疑/犯罪,英国,英语,2013-11-13(英国),90分钟,幕/谢幕/幕后凶手/别墅阴云
安琪拉的灰烬,艾伦·帕克,艾伦·帕克/弗兰克·麦考特/劳拉·琼斯,艾米丽·沃森/罗伯特·卡莱尔/迈克尔·莱格/CiaranOwens/乔·布林,剧情,美国/爱尔兰,英语,2000-01-14,145分钟,天使的孩子/安吉拉一家/安吉拉的灰烬
南方,维克多·艾里斯,维克多·艾里斯,奥梅罗·安东努蒂/SonsolesAranguren/伊西亚尔·博利亚因,剧情/爱情,西班牙/法国,西班牙语,1983-05-19,Spain:95分钟,TheSouth
亚人3：冲戟,濑下宽之/安藤裕章,濑古浩司,宫野真守/樱井孝宏/福山润/大塚芳忠/平川大辅/小松未可子/木下浩之/吉野裕行,剧情/动画/悬疑/惊悚,日本,日语,2016-09-23(日本),121分钟,
与墨索里尼喝茶,佛朗哥·泽菲雷里,佛朗哥·泽菲雷里/约翰·莫蒂默,雪儿/朱迪·丹奇/琼·普莱怀特/玛吉·史密斯/莉莉·汤姆林/贝尔德·华莱士,剧情/喜剧/战争,意大利/英国,英语/意大利语,1999-03-26,117分钟,温馨人生/情深一吻
诸神的欲望,今村昌平,长谷部庆治/今村昌平,三国连太郎/河原崎长一郎/沖山秀子,剧情,日本,日语,1968-11-22,Canada:172分钟,诸神的深欲/ProfoundDesiresOfTheGods/KamigaminoFukakiYokubo
死亡之夜,AlbertoCavalcanti/巴兹尔·迪尔登/查尔斯·克莱顿/罗伯特·哈默,AngusMacPhail/赫伯特·乔治·威尔斯/H·G·威尔斯H.G.Wells/约翰·贝恩斯/T·E·B·克拉克,默文·约翰斯/罗兰·卡尔弗/玛丽·梅罗尔/乔姬·韦瑟斯/弗雷德里克·瓦尔克/安东尼·贝尔德/莎莉·安·豪威斯/RobertWyndham/朱迪·凯利/迈尔斯·马勒森/迈克尔·艾伦/BarbaraLeake/拉夫·迈克尔/埃斯米·珀西/巴西尔·拉德福德,悬疑/惊悚/恐怖,英国,英语/法语,1945-09-04,103分钟/USA:77分钟/Germany:95分钟,深夜
T省的八四、八五年,杨延晋,柳国庆,达式常/叶志康/王伟平/张瑞芳/鲁非/翟乃社/严永瑄/谈鹏飞/张晓敏,剧情,中国大陆,汉语普通话,1986,94分钟,T省大风暴(港)/T省的84·85年/TProvincein'84&'85
霹雳奇幻 生死一剑,虚渊玄/黄强华/郑保品,虚渊玄/江波光则,鸟海浩辅/诹访部顺一/桧山修之/千叶一伸/安元洋贵/大川透/户松遥/小山力也/佐佐木义人/拜真之介/福西胜也/巴多利胜悟/西川贵教/鹤冈聪/黄文择/新垣樽助/高垣彩阳/速水奖/小西克幸/黄汇峰,动作/动画/奇幻/武侠,日本/台湾,日语/闽南语,2017-12-02(日本)/2017-12-08(台湾),75分钟,霹雳幻想生死一剑/ThunderboltFantasy东离剑游纪外传/ThunderboltFantasy:TheSwordofLifeandDeath
少女与战车 最终章 第1话,水岛努,吉田玲子,渊上舞/茅野爱衣/尾崎真实/井口裕香/福圆美里/高桥美佳子/植田佳奈/菊地美香/仙台惠理/大桥步夕/山冈百合/井泽诗织/山本希望/椎名碧流/津田美波/安济知佳,喜剧/动作/动画,日本,日语,2017-12-09(日本),47分钟,GirlsundPanzerdasFinale:PartI
通往自由的通道,罗兰德·苏索·里希特,JohannesW.Betz,海诺·费尔希/尼科莱特·克雷比茨/塞巴斯蒂安·科赫/亚历山德拉·玛丽亚·拉娜/克劳迪亚·米歇尔森/菲力克斯·伊特纳/穆罕默德·库尔图卢斯,剧情/动作/惊悚/历史,德国,德语,2001-01-21(德国),150分钟/188分钟(2部分)/167分钟(剧场版),TheTunnel/隧道
红军与白军,米克洛斯·杨索,乔治·姆季瓦尼/盖维拉·赫尔纳迪,JózsefMadaras/TiborMolnár/AndrásKozák,剧情/战争,匈牙利/苏联,匈牙利语/俄语,1968-08-30,90分钟,红与白(台)/TheRedandtheWhite
布加勒斯特东12点8分,柯内流·波蓝波宇,柯内流·波蓝波宇,MirceaAndreescu/特奥多·科尔班/伊昂·萨普达鲁/MirelaCioaba/卢米妮察·乔治乌/CristinaCiofu/LucianIftime/AnnemarieChertic/PetricaSapdaru/CatalinParaschiv/GeorgeGuoqingyun/ConstantinDita/DanielBadale/MariusRogojinski/AureliaTocu,剧情/喜剧,罗马尼亚,罗马尼亚语,2006-09-29,89分钟,布加勒斯特以东午后8分/十二点零八分位在布加勒斯特东边/12:08EastofBucharest
战火,罗伯托·罗西里尼,罗伯托·罗西里尼/费德里科·费里尼,CarmelaSazio/RobertVanLoon/BenjaminEmanuel,剧情/战争,意大利,意大利语/英语/德语/西西里语,1946-12-10,USA:120分钟/134分钟(restoredversion)/Italy:125分钟,游击队/战火的彼岸/老乡/Paisan
冰上轻驰,乔·德特杜巴,LynnSiefert/TommySwerdlow/MichaelGoldberg/迈克尔·瑞奇,约翰·坎迪/雷蒙德·J·巴里/里昂·罗宾逊/马利克·约巴/道格·伊·道格/RawleD.Lewis/马利克·约巴,喜剧/家庭/冒险/运动,美国,英语/德语/俄语,1993-10-01,98分钟,凉快的跑道/癫疯总动员/男儿当冲线/赤道雪车/勇往直前
海贼王娜美篇：航海士的眼泪与牵绊,尾田荣一郎,尾田荣一郎,田中真弓/冈村明美/中井和哉/山口胜平/平田广明/大谷育江/山口由里子/矢尾一树/长岛雄一/小杉十郎太/日高法子/盐屋浩三/山崎和佳奈/麻生智久/森川智之/小野坂昌也/江川央生/高冢正也/高户靖广/挂川裕彦/服卷浩司/增谷康纪/三浦祥朗/宫崎宽务/藤本隆弘/荒井聪太/藤井雪代/照井春佳/西岛隆弘/大场真人,动画,日本,日语,2012-08-24(日本),106分钟,海贼王特别篇SP21
红河,霍华德·霍克斯/阿瑟·罗森,博登·蔡斯/查理斯·施内,蒙哥马利·克利夫特/约翰·韦恩/沃尔特·布伦南,动作/西部/冒险,美国,英语,1948-08-26,133分钟/126分钟(公映版),红河劫/大战红河边
我的美国舅舅,阿伦·雷乃,亨利·拉博里/让·格吕约尔,热拉尔·德帕迪约/妮可·加西亚/罗歇·皮埃尔,剧情/喜剧/爱情,法国,法语,1980-05-21,125分钟,我的美国叔叔/MyAmericanUncle
萨拉戈萨手稿,沃伊切赫·哈斯,塔德乌什·克维亚特科夫斯基/扬·波托茨基,兹比格涅夫·齐布尔斯基/伊加·琴布日斯卡/埃尔兹别塔·奇日弗斯卡/格斯塔·霍洛贝克/斯坦尼斯瓦夫·伊加尔/乔安娜·延德里卡/博古米尔·科别拉,剧情/奇幻,波兰,波兰语,1965-02-09,182分钟/France:175分钟(director'scut),TheSaragossaManuscript
爱德华·蒙克,彼得·沃特金,彼得·沃特金,GeirWestby/GroFraas/KerstiiAllum,剧情/传记,瑞典/挪威,法语/英语/挪威语/德语/瑞典语/丹麦语,1974-11-12,210分钟,
编织的女孩,克洛德·果雷塔,克洛德·果雷塔/PascalLainé,伊莎贝尔·于佩尔/YvesBeneyton/弗洛伦斯·焦尔杰蒂/安娜玛丽·杜林格/萨宾·阿泽玛,剧情/爱情,法国/瑞士/原西德,法语,1977-05-25(法国),107分钟,花边女工/TheLacemaker
葬礼,伊丹十三,伊丹十三,山崎努/宫本信子/菅井琴/大泷秀治/尾藤功男,喜剧,日本,日语,1984-11-17,124分钟,"江湖白事/丧礼/Death,JapaneseStyle/Osôshiki/TheFuneral"
巨人传,乔治·史蒂文斯,弗雷德·吉奥尔/伊凡·莫弗特,罗克·赫德森/伊丽莎白·泰勒/詹姆斯·迪恩,剧情/爱情/西部,美国,英语/西班牙语,1956-11-24,201分钟,巨人
第68届NHK红白歌会,,,二宫和也/有村架纯/内村光良,音乐/歌舞,日本,日语,2017-12-31(日本),270分钟,夢を歌おう
叛逆边缘,约翰·卡尼,丹尼尔·詹姆斯/约翰·卡尼,基里安·墨菲/翠西亚·维西/斯蒂芬·瑞/乔纳森·杰克逊,剧情,爱尔兰,英语,2001-09-13,Argentina:85分钟,不羁的心灵
啪嗒啪嗒,LEEDAEHEE,LEEDAEHEE,,动画,韩国,韩语,2012-07-25(韩国),78分钟,PadakPadak/Padak
Free! 男子游泳部 特别版,河浪荣作,横谷昌宏,岛崎信长/铃木达央/代永翼/平川大辅/宫野真守/细谷佳正/宫田幸季/铃村健一/丰永利行/内山昂辉/野岛健儿/日野聪/铃木千寻/渡边明乃/雪野五月/家中宏/津田健次郎,剧情/动画/运动,日本,日语,2017-10-28(日本),100分钟,特别版FREE!男子游泳部–TakeYourMarks–(台)/特別版Free!TakeYourMarks
逃离索比堡,杰克·高德,理查德·拉什克/雷金纳德·罗斯,艾伦·阿金/乔安娜·帕库拉/鲁特格尔·哈尔/HartmutBecker/杰克·谢菲尔德,剧情/惊悚/战争,英国/南斯拉夫,英语,1987-04-12(美国),143分钟,死亡集中營/BekstvoizSobibora
贤治之春,河森正治,河森正治,佐野史郎/国府田真里子/磯部弘/大塚周夫/平井直子/藤村恵一,剧情/动画/传记,日本,日语,1996-12-14(日本),57分钟,春与修罗/IhatovGensou:KenjinoHaru/Kenji'sSpring/SpringandChaos
流浪艺人,西奥·安哲罗普洛斯,西奥·安哲罗普洛斯,伊娃·科塔曼尼多/AlikiGeorgouli/StratosPahis/VangelisKazan/MariaVassiliou,剧情/历史/战争,希腊,希腊语,1975-07,230分钟,演员游记/巡回剧团/TheTravellingPlayers/Othiasos
皮罗斯马尼,格奥尔基·申格拉亚,ErlomAkhvlediani/格奥尔基·申格拉亚,AvtandilVarazi/DodoAbashidze/ZurabKapianidze/BorisTsipuria/AmirKakabadze,剧情/传记,苏联,俄语/格鲁吉亚语/法语,1972-05-15(苏联),USA:85分钟/Germany:105分钟,Pirosmani
解放,尤里·奥泽洛夫,尤里·邦达列夫/奥斯卡·库尔干诺夫/尤里·奥泽洛夫,米哈伊尔·诺日金/尼古拉·奥利亚宁/米哈伊尔·乌里扬诺夫/拉里莎·戈卢布金娜/BukhutiZakariadze/瓦西里·舒克申/尼古拉·雷布尼科夫/弗拉季斯拉夫·斯特尔热利奇克/YevgeniBurenkov/阿纳托利·罗马申/彼得·谢尔巴科夫/伊万·彼列维捷夫/弗拉德连·达维多夫/谢尔盖·哈钦科/德米特里·弗兰科/TõnuAav/FredAlexander/IngridAndrina/维克多·阿夫久什科/IrenAzer/ViktorBajkov/MarthaBeschort-Diez/NikolaiBogolyubov/ViktorBortsov/芭芭拉·布雷尔斯卡/格奥尔基·布尔科夫/OttoDierichs/FritzDiez/维尔纳·迪塞尔/尤里·杜布罗温/扬·恩格莱特/尼古拉·叶廖缅科/OlevEskola/FritzErnstFechner/伊沃·加拉尼/ErichGerberding/HorstGiese/阿列克谢·格拉济林/彼得·格列博夫/韦恩泽斯洛·格林斯基/米哈伊尔·格鲁兹斯基/汉约·哈塞/GerdMichaelHenneberg/YuriKamornyj/ArtyomKarapetyan/弗拉基米尔·卡什普尔/RomanKhomyatov/尤里·基列耶夫/SeppKlose/米哈伊尔·科克舍诺夫/弗拉基米尔·科列涅夫/Hans-HartmutKrüger/列昂尼德·库拉夫廖夫/亚历山大·库兹涅佐夫/阿纳托利·库兹涅佐夫/HerbertKörbs/HansUlrichLaufer/彼得·柳别什金/IgnacyMachowski/FredMahr/HeinoMandri/PeterMarx/GrigoryMikhaylov/IvanMikolajchuk/尤里·纳扎罗夫/谢尔盖·尼科年科/ValeriNosik/达尼尔·奥勒布里斯基/维尔弗里德·奥特曼/弗洛林·彼耶尔西克/列夫·波利亚科夫,剧情/爱情/战争,苏联/东德/波兰,俄语/德语/意大利语/波兰语/英语/法语,1970-05-07,487分钟/EastGermany:439分钟(5部分)/USA:118分钟,Osvobozhdenie/Befreiung/Felszabadítás/Libération/Liberation/Suuriläpimurto/TaisteluBerliinistä/TheGreatBattle/Wyzwolenie
决战之后,李前宽/肖桂云,郑重,古月/李法曾/黄凯,剧情/战争,中国大陆,汉语普通话,,161分钟,AftertheFinalBattle
罗宾汉,沃夫冈·雷瑟曼,KenAnderson/拉里·克莱蒙斯,BrianBedford/彼得·乌斯蒂诺夫/菲尔·哈里斯/卡罗尔·谢利/安迪·德怀恩,爱情/动画/家庭/冒险,美国,英语,1973-11-08(美国),83分钟,侠盗罗宾汉
飞翔吧！埼玉,武内英树,德永友一/魔夜峰央,二阶堂富美/神威乐斗/伊势谷友介/京本政树/汤姆大哥/麻生久美子/岛崎遥香/成田凌/间宫祥太朗/益若翼/武田久美子/磨赤儿/竹中直人/中尾彬,喜剧,日本,日语,2019-01-11(上海日本新片展)/2019-02-22(日本),107分钟,飞翔琦玉
亨利六世：第二部分,多米尼克·库克,本·鲍尔,本尼迪克特·康伯巴奇/安德鲁·斯科特/凯莉·霍威/本·丹尼尔斯/汤姆·斯图里奇/苏菲·奥康内多/詹姆斯·弗雷特/本·迈尔斯/菲比·福克斯/安东·莱瑟/杰森·沃特金斯/阿德里安·敦巴/斯坦利·汤森德,剧情/历史,英国,英语,2016-05-14(英国),123分钟,空王冠：玫瑰战争2/TheHollowCrown:TheWarsOfTheRoses2
长夜漫漫路迢迢,西德尼·吕美特,尤金·奥尼尔,凯瑟琳·赫本/拉尔夫·理查德森/杰森·罗巴兹/迪恩·斯托克维尔,剧情,美国,英语,1962-10-09(美国),174分钟,进入黑夜的漫长旅程/长日入夜行/昼夜旅行
弗兰西斯,格雷姆·克利福德,埃里克·伯格恩/克里斯托弗·德沃雷/尼古拉斯·卡赞,杰西卡·兰格/金·斯坦利/山姆·夏普德/巴特·伯恩斯/乔纳森·班克斯/邦妮·芭利特/詹姆斯·布罗德黑德/简·詹金斯/乔丹·查尼/罗德·科尔宾/丹尼尔·乔多斯/唐纳德·克雷格/莎拉·坎宁安/李·德布鲁/杰弗里·德曼,剧情/传记,美国,英语,1982-12-03,140分钟,法兰西丝/弗朗西丝/红伶劫
赛文奥特曼 我是地球人,神澤信一/満留浩昌,武上纯希,南条弘二/山崎勝之/正岡邦夫/古賀亘/鵜川薫/あだち理絵子,剧情/动作/科幻,日本,日语,1999-12-31,73分钟,UltraSeven-IAmanEarthling/超人七号我是地球人/超人七星侠我是地球人/超人力霸王赛文我是地球人
第四十一,格利高利·丘赫莱依,格里戈里·科尔图诺夫/鲍里斯·拉甫列涅夫,伊佐尔达·伊兹维茨卡娅/奥列格·斯特里仁诺夫/尼古拉·克留奇科夫/NikolaiDupak,剧情/爱情/战争,苏联,俄语,1956-10-15,88分钟,TheForty-first/Sorokpervyy
搬家,相米慎二,奥寺佐渡子/小此木聪,中井贵一/樱田淳子/田畑智子,剧情,日本,日语,1993-03-20,124分钟,Moving
谋杀启事,约翰·史翠兰,斯图尔特·哈考特/阿加莎·克里斯蒂,杰拉尔丁·麦克伊万/佐伊·沃纳梅克/伊莲·佩姬/凯莉·霍威/克里斯蒂安·库尔森/切瑞·朗吉/西耶娜·盖尔利/弗兰西斯·巴贝,剧情/悬疑/犯罪,英国,英语,2005-01-02(英国),94分钟,
善意的谎言,彼德·卡索维茨,迪戴尔·德科恩/彼德·卡索维茨,罗宾·威廉姆斯/汉娜·泰勒-高登/ÉvaIgó/IstvánBálint/尤斯图斯·冯·多赫纳尼/列维·施瑞博尔/艾伦·阿金,剧情/喜剧/战争,法国/美国/匈牙利,英语,1999-09-24,120分钟,心灵DJ/骗子贾科伯/说谎者雅各布/希望集中营
穿制服的女孩,列昂蒂内·萨冈,ChristaWinsloe/FriedrichDammann,赫塔·提勒/多萝西·维克/EmiliaUnda/GertruddeLalsky/HedwigSchlichter/ErikaMann/ElseEhser/EllenSchwanneke/CharlotteWitthauer,剧情/爱情/同性,德国,德语,1931-11-27,88分钟/USA:87分钟,GirlsinUniform
大人别出声,彼得·博格丹诺维奇,MartyKaplan/迈克·弗雷恩,卡罗尔·博内特/迈克尔·凯恩/丹霍姆·艾略特/克里斯托弗·里夫,喜剧/爱情,美国,英语,1992-03-20,101分钟,落难戏班(港)/勾心斗角/乌龙戏班/糊涂戏班
龙樱：东大考试机密技巧总传授SP,,,阿部宽/长谷川京子/山下智久/长泽雅美/小池彻平/新垣结衣,,日本,日语,2005-10-14(日本),68分钟,
草房子,徐耿,曹文轩,曹丹/杜源/吴琴琴/金荣喜/许雁青/徐成峰/马翎雁,剧情,中国大陆,汉语普通话,1998/2000-08-17(香港),105分钟,Caofangzi/ThatchedMemories
梦想者四夜,罗伯特·布列松,罗伯特·布列松,IsabelleWeingarten/GuillaumedesForêts/Jean-MauriceMonnoyer,剧情/爱情,法国,法语,1971-06-29(西德),87分钟,一个梦想者的四个夜晚/一个男人的四个夜晚/白夜/FourNightsofaDreamer
灌篮高手 剧场版2,,井上雄彦,草尾毅/緑川光,剧情/动画/运动,日本,日语,1994-07-09(日本),45分钟,SLAMDUNK全国制覇だ!桜木花道
鬼火,路易·马勒,皮埃尔·德里厄·拉罗谢勒,莫里斯·罗内/莱娜·斯克尔拉/伊冯娜·克莱什/于贝尔·德尚/让-保罗·穆利诺/莫娜·多尔/皮埃尔·蒙科尔比耶/勒内·迪皮伊/贝尔纳·蒂费纳/贝尔纳·诺埃尔/乌尔苏拉·库布勒/让娜·莫罗/阿兰·莫泰/罗曼·布泰耶/雅克·塞雷/亚历山德拉·斯图尔特/亨利·赛尔/达琳·莱卓提姆斯,剧情,法国,法语,1963-10-15,108分钟,无法到达/TheFireWithin/ATimetoLiveandaTimetoDie
乞爱者,平山秀幸,郑义信/下田治美,原田美枝子/野波麻帆/小日向文世/熊谷真实/国村隼/西田尚美/氏木毅/茂吕师冈/中井贵一/浅川稚广/新村礼子/大泽茜,剧情,日本,日语,1998-09-26,135分钟,BeggingforLove/爱的祈祷/求爱的人
不可思议的收缩人,杰克·阿诺德,理查德·艾伦·西蒙斯/理查德·麦瑟森,格兰特·威廉姆斯/RandyStuart/AprilKent/保罗·兰顿/雷蒙德贝利/WilliamSchallert/FrankJ.Scannell/HeleneMarshall/DianaDarrin/BillyCurtis/LockMartin/JohnHiestand/LucePotter/JoeLaBarba/奥逊·威尔斯/RegisParton,科幻/惊悚,美国,英语,1957-02-22,81分钟,奇特缩形者
独生子,小津安二郎,小津安二郎/池田忠雄/荒田正男,饭田蝶子/叶山正雄/日守新一/笠智众/坪内美子/吉川满子/横山準/青木富夫,剧情,日本,日语,1936-09-15(日本),87分钟,Hitorimusuko/TheOnlySon
饭,成濑巳喜男,井手俊郎/田中澄江/川端康成/林芙美子,原节子/上原谦/小林桂树/岛崎雪子/杉叶子/杉村春子,剧情,日本,日语,1951-11-23,97分钟,Meshi/Repast
烟,王颖/保罗·奥斯特,保罗·奥斯特,哈威·凯特尔/威廉·赫特/杰瑞德·哈里斯,剧情/喜剧,德国/美国/日本,英语,1995-06-09,112分钟,生命中不能承受的烟
看狗在说话,杜维因·邓纳姆,卡罗琳·汤普森/琳达·伍尔芙顿/SheilaBurnford,迈克尔·J·福克斯/莎莉·菲尔德/唐·阿米契/金·格雷斯特/EdBernard,剧情/喜剧/家庭/冒险,美国,英语,1993-02-03(美国),84分钟,猫狗也疯狂
星际宝贝：终极任务,托尼·克莱格/罗伯茨·甘纳韦,罗伯茨·甘纳韦/杰斯·温菲尔德,黛维·切斯/克里斯·桑德斯/戴维·奥格登·施蒂尔斯/凯文·麦克唐纳德/蒂亚·卡雷尔/凯文·迈克尔·理查德森/罗伯·鲍森/杰夫·贝内特/佐伊·考德威尔/博卡·格德斯维特/吉莲·亨利/莉莉·石田/特蕾丝·麦克尼尔/罗基·麦克默里/莉莉娜·穆米/文·瑞姆斯/黛布拉·罗杰斯/道格·斯通/塔拉·斯特朗/卡莉·怀特赫斯特,喜剧/科幻/动画/家庭/冒险,美国,英语,2006-06-23(美国),73分钟,
雪地黄金犬,兰德尔·克莱泽,杰克·伦敦/JeanneRosenberg,KlausMariaBrandauer/EthanHawke/SeymourCassel/SusanHogan/JamesRemar/BillMoseley,剧情/冒险,美国,英语,1991-01-18,107分钟,白牙/白芳
三心两性,桥口亮辅,桥口亮辅,高桥和也/片冈礼子/田边诚一/秋野畅子/富士真奈美/光石研/服部佳/加濑亮,剧情/喜剧/同性,日本,日语,2001-05(戛纳电影节)/2002-04-27(日本),135分钟/136分钟(阿根廷),肃静/男色诱惑/Hush!
小逃亡者,莫里斯·恩格尔/雷·阿什利/鲁思·奥金,莫里斯·恩格尔/雷·阿什利/鲁思·奥金,RichardBrewster/WinifredCushing/JayWilliams/WillLee/CharlieMoss/TommyDeCanio/RichieAndrusco/鲁思·奥金,剧情/儿童,美国,英语,1953-10-06(美国),80分钟,出走的孩子/TheConeyIslandKid
潘多拉的魔盒,G·W·帕布斯特,LadislausVajda/JosephFleisler,露易丝·布鲁克斯/弗里茨·科特讷/弗朗西斯·莱德雷尔,剧情/爱情/犯罪,德国,德语,1929-01-30,Germany:133分钟(restoredversion)/USA:109分钟/Belgium:152分钟(CopywithFrenchtitlesatBrusselsMuséeduCinéma)/131分钟(originalversion)(21.4fps)/110分钟(VHSversion),露露/弃妇日记/潘多拉的盒子/TheBoxofPandora/Pandora'sBox/Lulu
迪迦奥特曼&戴拿奥特曼 光之星的战士们,KazuyaKonaka,长谷川圭一,TakeshiTsuruno/RyoKinomoto/ToshikazuFukawa/JouOnodera/MariyaYamada/MioTakaki,动作/科幻,日本,日语,1998-03-14(日本),68分钟,奥特曼剧场版星光战士/UrutoramanTiga&UrutoramanDaina:Hikarinohoshinosenshitachi/UltramanTiga&UltramanDyna:WarriorsoftheStarofLight
豺狼时刻,英格玛·伯格曼,英格玛·伯格曼,马克斯·冯·叙多夫/丽芙·乌曼/耶特鲁德·弗里德/乔治·莱德伯格/厄兰·约瑟夫森/英格丽·图林,剧情/恐怖,瑞典,瑞典语/挪威语,1968-02-19(瑞典),90分钟,HouroftheWolf/DieStundedesWolfs
爵士风情,斯派克·李,斯派克·李,丹泽尔·华盛顿/斯派克·李/韦斯利·斯奈普斯/约翰·特托罗/塞缪尔·杰克逊,剧情/音乐,美国,英语,1990-08-03,129分钟/USA:130分钟,爱情至上/爵士男女
三宅一生：为设计而生,,,,,日本,英语,2015(日本),59分钟,IsseyMiyakeDesignforFeel
审问,赖斯扎德·布加斯基,赖斯扎德·布加斯基/JanuszDymek,克里斯提娜·杨达/亚当·费仁希/扬努斯·加约斯/阿格涅丝卡·霍兰/安娜·罗曼拖拉斯卡/波泽纳·里基尔/奥尔基尔德·鲁卡斯瑟维克茨/TomaszDedek/JanJurewicz/JaroslawKopaczewski/ZofiaBalucka/ArkadiuszBazak/KrzysztofGosztyla/AntoninaGirycz/O.Jasinska,剧情/惊悚/犯罪,波兰,波兰语,1989-12-13(波兰),118分钟,Przesluchanie/Interrogation
灌篮高手 剧场版3,角銅博之,井上雄彦,草尾毅/緑川光,剧情/动画/运动,日本,日语,1995-03-04(日本),40分钟,SLAMDUNK湘北最大の危機!燃えろ桜木花道
夏天的大人们,中岛哲也,中岛哲也,日高圭智/菜木のり子/石川真希/岸部一德,剧情,日本,日语,1997-03-15(日本),73分钟,Natsujikannootonatachi/Happy-Go-Lucky
众神与野兽,比尔·康顿,比尔·康顿,伊恩·麦克莱恩/布兰登·费舍/琳恩·雷德格瑞夫/洛丽塔·大卫多维奇/大卫·杜克斯/凯文·J·奥康纳/马克·基利/杰克·普罗特尼克/罗莎琳·艾尔斯/杰克·贝茨/泰德·巴勃考克/CorneliaHayesO'Herlihy/BrandonKleyla/帕梅拉·萨勒姆/大卫米伯尔尼/马丁·费雷罗/杰西·詹姆斯/丽萨·达尔/贾德森·米尔斯/约翰·盖汀斯/柯蒂斯·哈灵顿/JamesLecesne,剧情/同性/传记,美国/英国,英语/匈牙利语,1998-11-04,105分钟,众神与恶魔/魂断梦工场/神与魔
下水道,安杰伊·瓦伊达,耶尔齐·斯蒂芬·斯塔温斯基,特雷莎·伊泽夫斯卡/塔杜施·扬查尔/韦恩泽斯洛·格林斯基/塔德乌什·格威亚兹多夫斯基,剧情/历史/战争,波兰,波兰语/德语,1957-04-20(波兰),91分钟,搞战地狱篇/地下水道/Canal
剧场版 假面骑士555 消失的天堂,田﨑竜太,井上敏樹,半田健人/泉政行/速水直道/何润东/芳贺优里亚/沟吕木贤/村上幸平/加藤美佳/唐桥充/村井克行/栗原瞳/黑川芽以,,日本,日语,2003-08-16,,KamenRider555TheMovie:ParadiseLost/MaskedRiderFaizTheMovie:ParadiseLost/剧场版假面骑士Faiz失落的天堂/剧场版幪面超人555救世传说之帝王腰带/剧场版蒙面超人555救世传说之帝王腰带/劇場版仮面ライダーファイズパラダイス・ロスト
人民公仆2,AlexeyKiruyshenko,,斯坦尼斯拉夫·波克琅/AnastasiaChepeliuk/Ol'gaKiyashko/EvgeniyKoshevoy/VladimirZelenskiy/Ol'gaZhukovcova-Kiyashko,喜剧,乌克兰,俄语/乌克兰语,2016-12-29(乌克兰),96分钟,Sluganaroda2/ServantofthePeople2/人民公仆大电影
杰克,爱德华·贝尔格,爱德华·贝尔格/NeleMueller-Stöfen,IvoPietzcker/GeorgArms/LuiseHeyer,剧情,德国,德语,2014-02-07(德国),103分钟,
大捷,吴天戈,吴贻弓,雷恪生/袁苑/赵胜胜/周国宾/宫晓瑄/赵君/解衍/谭增卫/毕远晋/俞建国/朱雷/吴斌烨/李斗/叶小铿/翁国钧/何麟/祁明远/杨德根,战争,中国大陆,汉语普通话,1995,104分钟,
航海家,巴斯特·基顿/唐纳德·克里斯普,克莱德·布鲁克曼/让·C·阿韦/JosephA.Mitchell,巴斯特·基顿/KathrynMcGuire/弗雷德里克·弗鲁姆,喜剧,美国,无对白,1924-10-13,59分钟/Sweden:75分钟,航行者
土地与自由,肯·洛奇,吉姆·艾伦,伊恩·哈特/罗塞娜·派斯特/伊西亚尔·博利亚因,剧情/历史/战争,德国/意大利/西班牙/英国,西班牙语/加泰罗尼亚语/英语,1995-04-07,109分钟/Turkey:102分钟(TVversion),以祖国之名(台)
伯特伦旅馆之谜,丹·泽夫,阿加莎·克里斯蒂/汤姆·麦克雷,杰拉尔丁·麦克伊万/玛汀·麦古基安/弗兰西丝卡·安妮丝/波利·沃克/史蒂芬·曼甘/艾米丽·比查姆,悬疑/犯罪,英国,英语,2007-04-01,93分钟,
云,费尔南多·索拉纳斯,MartínPavlovsky/费尔南多·索拉纳斯,MartínPavlovsky/ÂngelaCorrea/FranciscoNápoli/LauraNovoa,剧情,阿根廷/法国,西班牙语,1998-09-03,113分钟,TheCloud
雨停了,小泉尧史,黑泽明/山本周五郎,寺尾聪/宫崎美子/三船史郎,剧情,日本/法国,日语,2000-01-22,91分钟,黑之雨(台)/雨过天晴/大雨天
遗失的世界,理查德·富兰克林,阿瑟·柯南·道尔/JimHenshaw,彼得·麦考利/威廉·德芙里/威尔·斯诺,动作/科幻/冒险,美国,英语,1999-04-03,92分钟,失落的世界/猛龙复活/迷失魔界/失落的世界：高原人猿/TheLostWorld:LandoftheApes
安东尼娅家族,玛琳·格里斯,玛琳·格里斯,维力奇·范·阿麦莱/埃尔斯·多特曼斯/多拉·范·德·格伦/珂洛丽·斯普尔/简·德克莱尔/埃尔希·德·布劳/ReinoutBussemaker/玛丽娜·德·格拉夫/JanSteen/CatherinetenBruggencate/PaulKooij,剧情/喜剧,荷兰/比利时/英国,荷兰语,1995-09-12(多伦多电影节)/1995-09-20(荷兰),102分钟,安东妮雅之家/不靠男人的日子
爱无国界,YashChopra,阿迪提亚·乔普拉,沙鲁克·汗/普丽缇·泽塔/拉妮·玛克赫吉,剧情/爱情/歌舞,印度,乌尔都语/北印度语/Punjabi,2004-11-12,192分钟,ALoveLegend
爱的挽歌,让-吕克·戈达尔,让-吕克·戈达尔,布鲁诺·帕特祖鲁/CecileCamp/让·达维/弗朗索瓦丝·韦尔尼/AudreyKlebaner,剧情,法国/瑞士,法语,2001-05-16,97分钟,爱情研究院/爱的礼赞/爱之颂/InPraiseofLove
萨拉邦德,英格玛·伯格曼,英格玛·伯格曼,丽芙·乌曼/厄兰·约瑟夫森/伯杰·阿斯特/尤利娅·杜韦纽斯/贡内尔·弗雷德,剧情,瑞典/意大利/德国/芬兰/丹麦/奥地利,瑞典语/英语/德语,2003-12-01(瑞典),107分钟,
甜蜜的永远,扬·霍布雷克,培特尔·亚尔乔夫斯基,迈克尔·贝兰/米洛斯拉夫·多努蒂尔/西蒙娜·史达索娃,剧情/喜剧/家庭,捷克,捷克语/俄语,1999-04-08,115分钟,甜蜜的永远(台)/春风吹到布拉格(港)/CosyDens
沃特希普高地,马丁·罗森,理查德·亚当斯/马丁·罗森,约翰·赫特/理查德·布赖尔斯/迈克尔·格拉汉姆·考克斯/JohnBennett/拉尔夫·理查德森/SimonCadell/特伦斯·里格比/RoyKinnear/理查德·奥卡拉汉/丹霍姆·艾略特/琳恩·法利/MaryMaddox/泽罗·莫斯苔/HarryAndrews/HannahGordon,剧情/动画/冒险,英国,英语,1978-10-14(美国),101分钟/Brazil:92分钟,兔子共和国/海底沉舟/沃特希普荒原/RichardAdams'sWatershipDown
歼匪喋血战,拉乌尔·沃尔什,伊万·戈夫/本·罗伯茨,詹姆斯·卡格尼/弗吉尼亚·梅奥/艾德蒙·奥布莱恩/玛格丽特·威彻利/史蒂夫·柯臣,剧情/惊悚/犯罪/黑色电影,美国,英语,1949-09-02,114分钟,白热
猫和老鼠：火星之旅,BillKopp,BillKopp,杰夫·贝内特/科里·伯顿/凯瑟琳·费奥雷,喜剧/动画,美国,英语,2005-05-10,71分钟,猫和老鼠：出发去火星/猫和老鼠：奔向火星
其实在天堂,凯·波拉克,安德斯·尼伯格/奥拉·奥尔森/卡林·波拉克/凯·波拉克/玛格丽塔·波拉克,迈克尔·恩奎斯特/弗里达·霍尔格伦/海伦·修荷姆/伦纳特·杰凯尔/英格拉·奥尔森/尼克拉斯·福尔克/皮尔·姆贝格/伊娃·卢夫/安德烈·舍贝里/米卡尔·拉姆/芭布萝·寇勒贝/阿克塞拉·阿克塞尔/拉塞·彼得森/乌拉-布里特·诺曼-奥尔森/米尔卡·克里森/克里斯蒂娜·托维斯,剧情/爱情/音乐,瑞典,瑞典语/英语/意大利语,2004-09-03(瑞典),132分钟,就像在天堂(台)/像在天堂一样/生命的饮歌/宛如天堂/AsItIsinHeaven/AsinHeaven
火宅之人,深作欣二,檀一雄/神波史男/深作欣二,绪形拳/石田良子/原田美枝子/松坂庆子/荒井注/檀富美/井川比佐志/石桥莲司/真田广之/下条阿童木/相马刚三/山谷初男,剧情,日本,日语,1986-04-12(日本),133分钟,HouseonFire
空之境界 俯瞰风景3D,青木荣,平松正树,坂本真绫/铃村健一/本田贵子/藤村步/田中理惠,剧情/动画/悬疑/惊悚,日本,日语,2013-07-13(日本),,
三国志：英雄的黎明,勝間田具治,,渡哲也/あおい輝彦/青野武/石田太郎/津嘉山正种/潘惠子/中西妙子,动画,日本,日语,1992-01-25,138分,三国志:英雄的黎明
群众,金·维多,金·维多/约翰V·A·韦弗,埃莉诺·博德曼/詹姆斯·默里/伯特·罗奇,剧情/爱情,美国,英语,1928-02-18,98分钟(23.2fps),
亚当的苹果,安诺斯·托马斯·延森,安诺斯·托马斯·延森,乌尔里奇·汤姆森/麦斯·米科尔森/尼可拉斯·布若/帕普丽卡·斯汀/尼古拉·雷·卡斯/托马斯·维尔姆·詹森/AliKazim/OleThestrup/GyrdLøfquist/拉斯·兰特/PeterReichhardt,剧情/喜剧/犯罪,丹麦/德国,丹麦语,2005-04-15(丹麦)/2006-08-31(德国),94分钟,Adam'sApples/AdamsÄpfel
排球少年剧场版：结束与开始,满仲劝,岸本卓TakuKishimoto/古舘春一(原作),村濑步/石川界人/林勇/细谷佳正/内山昂辉/入野自由/齐藤壮马/冈本信彦/日野聪,动画/运动,日本,日语,2015-07-03(日本),,
吟游诗人,谢尔盖·帕拉杰诺夫/多多·阿巴希泽,GiaBadridze/莱蒙托夫,YuriMgoyan/SofikoChiaureli/RamazChkhikvadze,剧情/爱情,苏联,阿塞拜疆语/格鲁吉亚语,1988-10-01,73,历劫鸳鸯(港)/TheHoaryLegendsoftheCaucasus/AshugiQaribi/AshugKaribi/აშიკ-ქერიბი
天仙配,石挥,陆洪非/桑弧,严凤英/王少舫/张云峰,剧情/爱情/奇幻/古装,中国大陆,汉语普通话,1956-02(中国大陆),91分钟,
欢愉,马克斯·奥菲尔斯,雅克·纳坦松/马克斯·奥菲尔斯,克洛德·多芬/加比·莫尔莱/马德莱娜·雷诺/吉内特·勒克莱尔/达尼埃尔·达里约,剧情/喜剧,法国,法语,1952-02-29,97分钟,快乐/Pleasure/HouseofPleasure
希德尼娅的骑士 剧场版,静野孔文,弐瓶勉/村井贞之,逢坂良太/洲崎绫/丰崎爱生/子安武人/樱井孝宏/田中敦子/森なな子/金元寿子HisakoKanemoto,科幻/动画,日本,日语,2015-03-06(日本),134分钟,
里欧洛,让-克洛德·洛宗,让-克洛德·洛宗,GilbertSicotte/MaximeCollin/吉内特·雷诺,剧情/喜剧,加拿大/法国,法语,1992-09-16,107分钟,莱奥洛/Leolo
坐在人生边上——杨绛,,,杨绛/钱钟书,传记,中国大陆,汉语普通话,2011-12-17(中国大陆),46分钟,我的中国心：坐在人生的边上——杨绛
被遗忘的人们,路易斯·布努埃尔,路易斯·布努埃尔/路易斯·阿尔科里萨,EstelaInda/AlfonsoMejía/RobertoCobo/AlmaDeliaFuentes,剧情/犯罪,墨西哥,西班牙语,1950-11-09,85分钟/77分钟(DVD版),被遗忘的人/TheYoungandtheDamned
拽妹黛薇儿之暑假要结束了没,KarenDisher/GuyMoore,,RachelAnton/BrettBarsky/CoreyBlock,,USA,english,2000-08-27,,IsItFallYet?(TV)/Daria:IsItFallYet?
双城记,杰克·康威/罗伯特·Z·伦纳德,查尔斯·狄更斯/塞缪尔·N·贝尔曼/W.P.利普斯康(W.P.Lipscomb),罗纳德考尔曼(RonaldColman)/伊丽莎白埃兰(ElizabethAllan),剧情/爱情/历史,美国,英语,1935-12-25,128分钟/USA:121分钟(videoversion),
福尔摩斯：跳舞的人,JohnBruce,ArthurConanDoyle/JohnHawkesworth,JeremyBrett/DavidBurke/TennielEvans,剧情/悬疑,英国,英语,1984-05-01,50分钟,跳舞的人
勒克瑙之花,J.P.Dutta,,艾西瓦娅·雷/莎巴娜·阿兹米/阿布舍克·巴强,剧情/爱情,印度,乌尔都语/北印度语,2006-11-03,187分钟,
夜叉,降旗康男,中村努,高仓健/田中裕子/北野武/田中邦卫/小林稔侍/乙羽信子/奈良冈朋子/石田良子,剧情/爱情/犯罪,日本,日语,1985-08-31(日本),127分钟,Yasha
随我婆娑,马克·桑德里奇,艾伦·斯科特/欧内斯特·帕加诺/哈罗德·布克曼,弗雷德·阿斯泰尔/金杰·罗杰斯/爱德华·艾沃瑞特·霍顿,喜剧/爱情/歌舞,美国,英语/法语,1937-05-07,109分钟/Argentina:116分钟,我们跳舞？
绞死刑,大岛渚,田村孟/佐佐木守/深尾道典/大岛渚,渡边文雄/佐藤庆/石堂淑朗/大岛渚/桜井啓子/櫻坂由貴/鈴木久留美/足立正生,喜剧/犯罪,日本,日语,1968-02-03(日本),117分钟,DeathbyHanging
叛国作家,拉达·巴拉华,拉达·巴拉华,艾伦·瑞克曼/玛德琳·斯托,剧情/惊悚,美国,英语,1991-03-06(美国),94分钟(加拿大)/89分钟(美国),衣橱之国
因果论,水岛精二,会川升,胜地凉/丰崎爱生/山本希望/本田贵子/入野自由/川岛得爱/户松遥/诹访部顺一/内山昂辉/岛村侑,动画,日本,日语,2011-11-19(日本),49分钟,UN-GO剧场版
呐喊,米开朗基罗·安东尼奥尼,米开朗基罗·安东尼奥尼/埃利奥·巴托尼/恩尼奥·德·孔奇尼,史蒂夫·柯臣/阿莉达·瓦利/多里安·格雷/林恩·肖/加布里埃拉·帕洛塔/皮娜·博尔德里尼/GuerrinoCampanilli/米尔娜·吉拉尔迪/莉莉亚·兰迪/加埃塔诺·马泰乌奇/贝琪·布莱尔,剧情,意大利/美国,意大利语,1957-06-22,116分钟/103分钟(葡萄牙删减版),哭泣/大声疾呼/呼喊/喊叫/流浪者/TheCry
滑铁卢战役,谢尔盖·邦达尔丘克,H.A.L.Craig/谢尔盖·邦达尔丘克,奥逊·威尔斯/罗德·斯泰格尔/克里斯托弗·普卢默,剧情/动作/历史/战争,意大利/苏联,英语/俄语,1970-10-26,134分钟(挪威)/132分钟(英国)/123分钟(美国),SergoZakariadze
风的第一声呼吸,弗兰科·皮亚维奥利,弗兰科·皮亚维奥利,PrimoGaburri/MariellaFabbris/IdaCarnevali,剧情,意大利,意大利语,2002-08-05,85分钟,AttheFirstBreathofWind
夜车,耶尔齐·卡瓦莱罗维奇,耶尔齐·卡瓦莱罗维奇/JerzyLutowski,卢茜娜·温尼斯卡/里昂·尼梅兹科/TeresaSzmigielówna,剧情/爱情/悬疑,波兰,波兰语,1959-09-06,99分钟,夜行列车/NightTrain/BalticExpress
宾虚,弗雷德·尼勃罗/查尔斯·布莱宾/克里斯蒂·卡本纳/约瑟夫·贾德森·科恩/雷克斯·英格拉姆,路易斯·华莱士/琼恩·马西斯/凯里·威尔逊/贝斯·美瑞戴斯/凯瑟琳·希利克/H·H·考德威尔,拉蒙·诺瓦罗/弗朗西斯·X·布什曼/梅·麦卡沃伊/贝蒂·布劳森/克莱尔·麦克道尔/凯瑟琳·凯/卡梅尔‧迈尔斯/奈杰尔·德·布鲁里亚/米切尔·刘易斯/李奥·怀特/弗兰克·柯瑞尔/查尔斯·贝尔彻/戴尔·富勒/温特·霍尔,剧情/爱情/冒险,美国,英语,1925-12-30,143分钟/Germany:151分钟(restoredversion),
寅次郎的故事1,山田洋次,山田洋次/森崎东,渥美清/倍赏千惠子/光本幸子,剧情/喜剧/爱情,日本,日语,1969-08-27(日本),91分钟,男人之苦
今夕何夕,亚历山大·阿卡迪,亚历山大·阿卡迪/DanielSaint-Hamont,安娜·帕里约/文森特·佩雷斯/安妮·康斯金尼/诺拉·阿娜泽德尔/Fu'adAïtAattou,爱情,法国,法语,2012-09-12(法国),162分钟,白天不懂夜的黑/黑夜孕育了白天/迷失的时间/WhattheDayOwestheNight
米奇与魔豆,JackKinney/HamiltonLuske,EdgarBergen,EdgarBergen/DinahShore/CharlieMcCarthy,动画,美国,英语,1947-09-27(美国),73分钟,"FunandFancyFree,FeaturingMickeyandtheBeanstalk"
巴斯克维尔的猎犬,BrianMills,阿瑟·柯南·道尔/T.R.Bowen,杰瑞米·布雷特/爱德华·哈德威克/克里斯托弗·塔柏,悬疑/恐怖/犯罪,英国,英语,1988-08-31(英国),105分钟,千惊万险
童年的收音机,赤飞,王伟庆,邢仕达/郑伟/王树清,剧情,中国大陆,普通话/国语,2009-06-13,90分钟,RadioinMyChildhood
葛楚,卡尔·西奥多·德莱叶,卡尔·西奥多·德莱叶,尼娜·彭斯·罗德/本特·罗斯/埃贝·罗德,剧情,丹麦,丹麦语,1964-12-19,119分钟/Germany:112分钟(TVversion)/Argentina:115分钟,盖特尔德
告别昨日,彼得·叶茨,史蒂夫·特西奇,丹尼斯·克里斯托弗/丹尼斯·奎德/丹尼尔·斯特恩,剧情/喜剧/家庭/运动,美国,英语/意大利语/法语,1979-07-20,101分钟,突破
来临,戴维·施莫勒,KevinDanielLjoka,约翰·萨克松/JosephCulp/RobinFrates,科幻/恐怖,美国,英语,1991-09-09,Canada:103分钟,返老还童
嘉丽妹妹,威廉·惠勒,露丝·戈茨/AugustusGoetz,劳伦斯·奥利弗/珍妮弗·琼斯/米利亚姆·霍普金斯/埃迪·艾伯特,剧情/爱情,美国,英语,1952-07-17,118分钟/Germany:117分钟(DVDversion),嘉莉
人生,泰德·戴米,RobertRamsey/MatthewStone,艾迪·墨菲/马丁·劳伦斯/奥巴·巴巴图德,剧情/喜剧/犯罪,美国,英语,1999-04-16(美国),108分钟,傲笑江湖/终身监禁
小戏骨：包青天之秦香莲与陈世美,潘礼平/奉万里/胡昀皓/陈功,蔡文杰,祁晟原/刘戴恩/释小松/陈荣达/余亚颖/杨知周/葛奕德/刘紫璇/周冉/开新傲/李俊豪/程子阳/万子晴/陈禹衡/姜巧慧/罗熙怡/蔡嘉诚/魏雨祺/高一杰/戴豪键/汤子豪/喻峰/张伊凡/徐雨旋/李冰城/杨梦瑶/周依萱/吴爽/叶思文/徐佳蕊/林立涵/卢亦豪/黄涵雨/张允钊/高锡华/齐森昊/欧家杜/郑树森/黄敬棋/姜米珈/赵紫彤/林宜婧,剧情/悬疑/儿童/历史/古装,中国大陆,汉语普通话,2018-05-07(中国大陆),110,小戏骨之包青天
老男人,JackZaghaKababie,DavidDesola/JackZaghaKababie/YossyZagha,LuisBayardo/EduardoManzano/JoséCarlosRuiz/PedroWeber'Chatanuga',剧情/喜剧,墨西哥,西班牙语,2015-04-10(墨西哥),93分钟,为友了愿
岁月河山之我家的女人,黄敬强,李碧华,张国荣/陈毓娟,剧情/爱情/历史,香港,粤语,1980-04-20(香港),87分钟,
我的美国心,AngeloPizzo,AngeloPizzo,FinnWittrock/AaronEckhart/RobinTunney,剧情/传记/运动,美国,英语,2015-11-13/2016-05-11(戛纳电影节),118分钟,Courage/Всемоиамериканцы
抛开自我空间,迈克·尼科尔斯,MargaretEdson/艾玛·汤普森/迈克·尼科尔斯,艾玛·汤普森/克里斯托弗·洛伊德/艾琳·阿特金斯/奥德拉·麦克唐纳/乔纳森·M·伍德沃德/哈罗德·品特,剧情,美国/英国,英语,2001-02-09,99分钟,深知我心/心灵病房
伊凡王子与百变公主,米歇尔·欧斯洛,米歇尔·欧斯洛,朱利安·贝朗米斯/马里内·格里泽/伊夫·巴萨克,动画,法国,法语,2016-09-28(法国),53分钟,
绅士的启示联盟,史蒂夫·班德莱克,杰瑞米·德桑/马克·加蒂斯,马克·加蒂斯/史蒂夫·佩姆伯顿/里斯·谢尔史密斯/麦克·辛/DanielleTilley/BrunoLangley/AlanMorrissey/LianaO'Cleirigh/PhilipO'Sullivan/JeffMirza/安琪儿·库碧/LucyMiller/利亚姆·坎宁安/KateO'Toole/艾米莉·伍夫,喜剧/恐怖,英国/爱尔兰/美国,英语,2005-06-03,91分钟,
特蕾莎修女,FabrizioCosta,MassimoCerofolini/FrancescoScardamaglia,奥丽维娅·赫西/SebastianoSomma/英格里德·卢比奥/米歇尔·门德尔/内尔·斯杜克/瓦莱里亚·卡瓦利/CarloCartier/菲利普·杰克森,剧情/传记,西班牙/英国/意大利,英语,2003-10-19,180分钟,德蕾莎修女/MotherTeresaofCalcutta
我的家人和其他动物,谢雷·福克森,杰拉尔德·杜瑞尔/西蒙·尼耶,尤金·西蒙/马修·古迪/拉塞尔·托维/塔姆金·莫钦特/欧米德·吉亚李利/艾美达·斯丹顿/ChrisLangham,剧情/喜剧,UK,English,2005-12-27,90分钟,
路德维希,卢基诺·维斯康蒂,卢基诺·维斯康蒂/恩里科·梅迪欧力,赫尔穆特·贝格/TrevorHoward/西尔瓦娜·曼加诺/罗密·施奈德,剧情/传记/历史,意大利/法国/西德,意大利语/德语/法语,1972-12-29,235分钟/186分钟(美国)/144分钟西德)/185分钟(意大利),诸神的黄昏
祇园姊妹,沟口健二,AleksandrKuprin/沟口健二/依田义贤,山田五十铃/梅村蓉子/志贺迺家辨庆/进藤英太郎/深见泰三,剧情,日本,日语,1936-10-15(日本),69分钟,祗园姐妹/青楼姐妹/Gionnoshimai/SistersoftheGion
机动战士高达 雷霆宙域 DECEMBER SKY,松尾衡,松尾衡,中村悠一/木村良平/行成桃姬/平川大辅/咲野俊介/土田大/大原沙耶香/佐々木睦,科幻/动画/战争,日本,日语,2016-06-25,70分钟,雷霆宙域战线剧场版
那天妈妈来看我,郭春晖,雷孝慈,白冰冰/吴慷仁/王曈/吴震亚/邱安忱/周贤忠,剧情/同性/家庭,台湾,汉语普通话,2013-05-12(台湾),88分钟,WhenMomVisits
维拉·德雷克,迈克·李,迈克·李,艾美达·斯丹顿/理查德·格拉翰/埃迪·马森/吉姆·布劳德本特/莎莉·霍金斯,剧情/犯罪,法国/英国,英语,2004-10-22,125分钟(英国),维拉·德里克/地下观音/天使薇拉卓克/爱心天使：薇拉卓克/因母之名
豺狼的日子,弗雷德·金尼曼,肯尼斯·罗斯/弗雷德里克·福赛斯,爱德华·福克斯/TerenceAlexander/米歇尔·奥克莱尔,剧情/惊悚,英国/法国,英语/意大利语/法语,1973-05-16,143分钟,刺杀戴高乐/神探智擒职业杀手/豺狼末日/豺狼之日
谁来为我摘月亮,巴克迪亚·库唐纳扎洛夫,巴克迪亚·库唐纳扎洛夫/伊拉克里·柯维利卡泽,莫里兹·布雷多/丘尔潘·哈马托娃/梅拉布·尼尼泽/迪马克梅·阿基莫夫,剧情/喜剧,德国/日本/塔吉克斯坦/乌兹别克斯坦/奥地利/瑞士/法国/俄罗斯,俄语/塔吉克语,1999-09-08(威尼斯电影节)/2000-06-27(德国),107分钟/德国:109分钟,都是月亮惹的祸/月亮情人/月亮代表我爸爸/月亮老爹/Лунныйпапа/MoonFather
盗日者,长谷川和彦,莱纳德·施拉德/长谷川和彦,泽田研二/菅原文太/池上季实子/北村和夫/神山繁/佐藤庆/伊藤雄之助/风间杜夫/水谷丰/西田敏行/小松方正/汐路章/森大河/江角英明,动作/惊悚/犯罪,日本,日语,1979-10-06(日本),147分钟,TheManWhoStoletheSun/Taiyoonusundaotoko/偷走太阳的男人
人间的条件(第三、四部),小林正树,五味川纯平/小林正树/松山善三,仲代达矢/新珠三千代/千秋实/IzumiHara/岩崎加根子/桂小金治/川津祐介/城所英夫HideoKidokoro/仓田真由美MayumiKurata/南道郎MichiroMinami/内藤武敏/佐田启二/佐藤庆/田中邦卫/多多良纯/内田良平/植村谦二郎/安井昌二,剧情/历史/战争,日本,日语/汉语普通话,1959-11-20,181分钟/WestGermany:112分钟,何以为人(第三、四部)/做人的条件/TheHumanConditionIII-IV
奈克瑟斯奥特曼剧场版,KazuyaKonaka,长谷川圭一,TetsuyaBessho/KyôkoToyama/KenyaOsumi,剧情/动作/科幻/奇幻,日本,日语,2004,Japan:97分钟,UltramantheNext/ウルトラマン/奥特曼/咸蛋超人
吹响悠风号剧场版：欢迎来到北宇治高中吹奏乐部,石原立也,花田十辉/武田绫乃,黑泽朋世/朝井彩加/丰田萌绘/安济知佳/寿美菜子/早见沙织/茅原实里/石谷春贵/樱井孝宏,剧情/喜剧/动画/音乐,日本,日语,2016-04-23(日本),103分钟,剧场版吹响！上低音号～欢迎来到北宇治高中吹奏乐部～
大宅门,郭宝昌,郭宝昌,斯琴高娃/陈宝国/刘佩琦/蒋雯丽/何赛飞,剧情/爱情/传记,中国大陆,汉语普通话,2003,115分钟,大宅门电影版
升空号,阿基·考里斯马基,阿基·考里斯马基,图罗·帕亚拉/苏珊娜·哈维斯托/马蒂·佩龙帕,剧情/喜剧/爱情/犯罪,芬兰,芬兰语,1988-10-21(芬兰),73分钟,精灵
儿子,山田洋次,朝间义隆/山田洋次/椎名诚,三国连太郎/永濑正敏/和久井映见/原田美枝子/田中隆三/浅田美代子/山口良一/浅利香津代/高峰凯希/浜村淳/梅津荣/井上千蔵/中本贤/小仓一郎/村田正雄/松村达雄/中村芽衣子/音无美纪子/奈良冈朋子/佐藤B作/碇矢长介/田中邦卫,剧情/喜剧/爱情/家庭,日本,日语,1991-10-12(日本),121分钟,Musuko/MySons
力争上游,詹姆斯·布里奇斯,詹姆斯·布里奇斯/小约翰·杰伊·奥斯本,蒂姆斯·伯特姆斯/林赛·瓦格纳/詹姆斯·诺顿/爱德华·赫曼/大卫·科列侬/约翰·豪斯曼/格拉汉姆·贝克尔/克雷格·理查德·纳尔逊/RobertLydiard/伦尼·贝克/莉贾娜·芭芙/布莱尔·布朗,剧情,美国,英语,1973-10-16,113分钟,平步青云/纸追/寒窗恋
羞耻,英格玛·伯格曼,英格玛·伯格曼,丽芙·乌曼/马克斯·冯·叙多夫/西格·菲尔斯特/古纳尔·布约恩施特兰德/贝吉塔·瓦尔堡/汉斯·艾尔佛森/英瓦尔·谢尔松/弗兰克·松德斯特伦/乌尔夫·约翰松/维尔戈特·斯耶曼/本特·埃克隆德/约斯塔·普吕塞柳斯/维利·彼得斯/芭布洛·约尔特·阿夫·奥纳斯/阿格达·海林,剧情/战争,瑞典,瑞典语,1968-09-29(瑞典),103分钟,Shame
超豪华！！最初也是最后的大同窗会！8时J,,,泷泽秀明/山下智久/生田斗真/风间俊介/长谷川纯/大野智/樱井翔/相叶雅纪/二宫和也/松本润/村上信五/横山裕/锦户亮/丸山隆平/安田章大/大仓忠义,真人秀/脱口秀,日本,日语,2018-12-29(日本),90分钟,杰尼斯超豪华！！最初也是最后的大同窗会
另一个女人,伍迪·艾伦,伍迪·艾伦,吉娜·罗兰兹/米亚·法罗/伊安·霍姆/布莱思·丹纳/吉恩·哈克曼,剧情,美国,英语,1988-11-18,81分钟,缘尽半生
新世纪福音战士 第0:0话 诞生之始,庵野秀明HideakiAnno,庵野秀明,绪方惠美/林原惠美/三石琴乃/宫村优子,剧情/科幻/动画,日本,日语,1995-12-21(日本),29分钟,新世纪福音战士第0:0话起始/NeonGenesisEvangelionGenesis0:0IntheBeginning
漩涡之外,雅克·特纳,丹尼尔·梅因沃林,罗伯特·米彻姆/简·格里尔/柯克·道格拉斯/朗达·弗莱明,剧情/惊悚/黑色电影,美国,英语/美国手语,1947-11-13,97分钟,来自过去/BuildMyGallowsHigh
推销员之死,沃尔克·施隆多夫,阿瑟·米勒,达斯汀·霍夫曼/凯特·瑞德/约翰·马尔科维奇/史蒂芬·朗/查尔斯·德恩,剧情,美国/原西德,英语,1985-09-14,136分钟,
人间的条件(第五、六部),小林正树,松山善三/小林正树/五味川纯平/稻垣公一,仲代达矢/新珠三千代/高峰秀子/中村玉绪/笠智众/川津祐介/内藤武敏/瞳丽子/岸田今日子/金子信雄/须贺不二男/KeijiroMorozumi,剧情/历史/战争,日本,日语/汉语普通话/俄语,1961-01-28,190分钟/WestGermany:143分钟,何以为人(第五、六部)/做人的条件/TheHumanConditionV-VI
词语,卡尔·西奥多·德莱叶,卡尔·西奥多·德莱叶/卡伊·蒙克,HanneAgesen/KirstenAndreasen/SylviaEckhausen,剧情,丹麦,丹麦语,1955-01-10,126分钟,神喻/诺言/TheWord
绿地黄花,武国越,越灵,陈盛荣/裴仲康/清美/美安/梅世侠/乐永/张秀莲/陈迈,剧情/儿童,越南,越南语,2015-10-02(越南),103分钟,青草上我见到金花/我看见黄花在青草中摇曳/花黄草绿/DearBrother/YellowFlowersontheGreenGrass
化身博士,鲁本·马莫利安,PercyHeath/罗伯特·路易斯·史蒂文森/SamuelHoffenstein,弗雷德里克·马奇/米利亚姆·霍普金斯/罗丝·霍巴德,剧情/科幻/恐怖,美国,英语,1932-01-02,98分钟/96分钟(TCMprint),
小树的故事,理查德·弗雷登伯格,DonSipes/小厄尔·哈姆纳/福里斯特·卡特,约瑟夫·阿什顿/詹姆斯·克伦威尔/坦图·卡丁诺/米卡·波瑞姆/格雷厄姆·格林/ChristopherHeyerdahl,剧情,加拿大,英语,1997-12-25,Argentina:116分钟/USA:112分钟,少年小树之歌
迪迦&戴拿&盖亚·奥特曼 超时空的大决戦,小中和哉,长谷川圭一,吉冈毅志/滨田岳,科幻/冒险,日本,日语,1998-03-06(日本),74分钟,奥特曼超时空大决战/UrutoramanTeiga&UrutoramanDaina&UrutoramanGaia:Choujikuunodaiketsugeki/UltramanTiga&UltramanDyna&UltramanGaia:BattleinHyperspace
饥饿海峡,内田吐梦,铃木尚之,三国连太郎/左幸子/高仓健/加藤武/室田日出男,剧情/悬疑/犯罪,日本,日语,1965-01-15(日本),183分钟/167分钟(剪辑版),StraitofHunger/AFugitivefromthePast
笔中情,颜碧丽,蒋迅,迟重瑞/王伯昭/张闽/赵静/朱碧云,剧情/动作/爱情/古装,中国大陆,普通话,1982(中国大陆),96分钟,RomanceOfACalligrapher
熊猫的故事,岛村达雄,山田洋次,丁健华/刘广宁/童自荣,动画,日本/中国大陆,日语,1981-12-28(日本),88分钟,TheStoryofPandaTaotao
阿尔卡特兹的养鸟人,约翰·弗兰克海默,盖伊·特鲁斯佩尔,伯特·兰卡斯特/卡尔·莫尔登/瑟尔玛·瑞特/内维尔·布兰德/贝蒂·菲尔德,剧情/传记,美国,英语,1962-07-03,147分钟,终身犯
残菊物语,沟口健二,川口松太郎/依田义贤/村松梢风,花柳章太郎/森赫子/高田浩吉/高松锦之助/河原崎权十郎/志贺迺家辨庆/结城一朗/花冈菊子/伏见信子/富本民平,剧情,日本,日语,1939-10-10(日本),142分钟/Argentina:145分钟/USA:148分钟,TheStoryoftheLastChrysanthemums/Zangikumonogatari
鲁邦三世：血烟的石川五右卫门,小池健,高桥悠也,浪川大辅/栗田贯一/泽城美雪/小林清志/山寺宏一/土师孝也,动作/动画,日本,日语,2017-02-04(日本),53分钟,
疤面人,霍华德·霍克斯/理查德·罗森,本·赫克特/塞腾·艾·米勒,保罗·穆尼/乔治·拉夫特/卡伦·莫利/安·德拉克,剧情/动作/犯罪/黑色电影,美国,英语/意大利语,1932-04-09,93分钟,"伤面人/伤疤脸/疤面煞星/Scarface,theShameoftheNation/TheShameofaNation"
请问您今天要来点兔子吗 剧场版,桥本裕之,桥本裕之,佐仓绫音/水濑祈/种田梨沙/佐藤聪美/内田真礼/德井青空/村川梨衣/早见沙织/茅野爱衣/清川元梦/速水奖/东地宏树/皆口裕子/木村珠莉/所河瞳/赤尾光/小原好美,喜剧/动画,日本,日语,2017-11-11(日本),60分钟,请问您今天要来点兔子吗剧场OVA/请问您今天要来点兔子吗？？～DearMySister～
鲁邦三世：次元大介的墓碑,小池健,高橋悠也,栗田贯一/小林清志/泽城美雪/山寺宏一/广濑彰勇,动作/动画/犯罪,日本,日语,2014-06-21(日本),51分钟,鲁邦三世：次元大介的墓标
受影响的女人,约翰·卡萨维蒂,约翰·卡萨维蒂,彼得·法尔克/吉娜·罗兰兹/弗雷德·德雷珀,剧情/爱情,美国,英语/意大利语,1974-11-18,155分钟,受感化的妇人/权势下的女人
焦点新闻,科斯塔-加夫拉斯,豪尔赫·森普伦/瓦西利斯·瓦西利科斯,伊夫·蒙当/艾琳·帕帕斯/让-路易·特兰蒂尼昂/雅克·贝汉,剧情/历史/犯罪,阿尔及利亚/法国,法语,1969-02-26,127分钟,大风暴/Z先生/一桩政治凶杀案的剖析
天堂孤影,阿基·考里斯马基,阿基·考里斯马基,马蒂·佩龙帕/卡蒂·奥廷宁/萨卡里·库斯曼嫩,喜剧/爱情,芬兰,芬兰语,1986-10-17,USA:76分钟,ShadowsinParadise
首演之夜,约翰·卡萨维蒂,约翰·卡萨维蒂,吉娜·罗兰兹/约翰·卡萨维蒂/本·戈扎那,剧情,美国,英语,1977-12-22,144分钟,夜无边
幽灵马车,维克多·斯约斯特洛姆,维克多·斯约斯特洛姆/塞尔玛·拉格洛夫,维克多·斯约斯特洛姆/希尔达·博里斯特伦/托雷·斯文贝里/阿斯特里德·霍尔姆/康科迪娅·塞兰德/托尔·魏登/埃纳尔·阿克塞尔松/奥洛夫·奥斯/尼尔斯·阿雷恩/尼尔斯·埃尔夫斯/希尔杜·利特曼/约翰·埃克曼,剧情/恐怖/奇幻,瑞典,瑞典语,1921-01-01,93分钟/Germany:100分钟/Sweden:107分钟(16fps)(2004TVversion)/103分钟(originalrelease)(18fps),灵幻马车/ThePhantomCarriage
待客之道,约翰·G·布莱斯通/巴斯特·基顿,让·C·阿韦/克莱德·布鲁克曼,巴斯特·基顿/乔·罗伯茨/MonteCollins/小巴斯特·基顿/乔·基顿,喜剧/家庭,美国,英语,1923-11-19,73分钟(1995alternateversion)/Spain:65分钟/Belgium:87分钟(copywithFrenchtitlesatBrusselsMuséeduCinéma),我们的款待
纳什维尔,罗伯特·奥特曼,琼·图克斯伯里,大卫·阿金/芭芭拉·巴斯里/尼德·巴蒂/凯伦·布莱克/罗尼·布莱克利/蒂莫西·布朗/基思·卡拉丹/杰拉丁·卓别林/罗伯特·多奎/谢莉·杜瓦尔/艾伦·加菲尔德/亨利·吉布森/斯科特·格伦/杰夫·高布伦/芭芭拉·哈里斯/莉莉·汤姆林,剧情/音乐,美国,英语,1975-06-11,159分钟,普世欢腾乐满城/纳斯维尔
五月碧云天,努里·比格·锡兰,努里·比格·锡兰,伊敏·托普拉克/穆扎菲·奥德默/FatmaCeylan,剧情/喜剧,土耳其,土耳其语,1999-12-10,130分钟,CloudsofMay/Mayissikintisi
伸张正义,诺曼·杰威森,瓦勒里·科廷/巴瑞·莱文森,阿尔·帕西诺/杰克·瓦尔登/约翰·福赛思/李·斯特拉斯伯格/杰弗里·塔伯/克里斯汀·拉蒂/山姆莱文/罗伯特克里斯蒂安/托马斯沃特斯/拉里·布里格曼/格雷格·T·尼尔森/多米尼克·查尼斯/维克多·阿诺德/文森特贝克/迈克尔·戈林,剧情/惊悚/犯罪,美国,英语,1980-10-09,119分钟,义勇急先锋/真相
我的上高,钱泠泠,方天民,田小洁/耿黎明/易勇名/朴俊铭/张宇飞,剧情/战争,中国大陆,汉语普通话,2017-03-08(中国大陆),100分钟,TheOldDayinShanggao
吹响悠风号剧场版：想要传达的旋律,石原立也/小川太一,花田十辉,黑泽朋世/朝井彩加/丰田萌绘/安济知佳/寿美菜子/早见沙织/茅原实里/石谷春贵/沼仓爱美/樱井孝宏,剧情/动画,日本,日语,2017-09-30(日本),105分钟,剧场版吹响！上低音号～想要传达的旋律～
代号基亚斯：反叛的鲁路修3之皇道,谷口悟朗,大河内一楼/谷口悟朗,福山润/樱井孝宏/野上尤加奈/小清水亚美/名塚佳织/绿川光/金井美香/伊藤沙织/高田裕司/真殿光昭/仓田雅世/桧山修之/私市淳/加濑康之/水岛大宙/成田剑/千叶纱子/白鸟哲/井上喜久子/新井里美/大原沙耶香/折笠富美子/杉山纪彰/保志总一朗/后藤邑子/井上伦宏/三户耕三/内田聪明/中田让治/皆川纯子/幸野善之/渡边明乃/山野井仁/河城英之介/百百麻子/若本规夫,动作/科幻/动画,日本,日语,2018-05-26(日本),140分钟,CodeGeass:HangyakunoLelouchIII-Oudou
英伦性丑闻,PatrickReams,PatrickReams,尼古拉斯·勒·普雷沃斯特/HarrietEastcott/萨姆·修汉/卡尔·戴维斯/RogerBarclay/OrlandoWells/威廉·丘布/理查德·林特恩/KevinColson/罗杰·阿什顿-格里菲斯/SusanJameson/斯蒂文·麦金托什,剧情/同性,英国,英语,2007-07-21(英国),85分钟,
阿弥陀堂讯息,小泉尧史,小泉尧史,寺尾聪/樋口可南子/井川比佐志/香川京子/北林谷荣/小西真奈美/田村高广/吉冈秀隆,剧情,日本,日语,2002-10-05,127分钟,LetterfromtheMountain
等待戈多,MichaelLindsay-Hogg,塞缪尔·贝克特,巴里·麦戈文/JohnnyMurphy/AlanStanford/StephenBrennan/SamMcGovern,剧情,爱尔兰,英语,2001-02-04,120分钟,等待果陀（台）
