电影,导演,编剧,主演,类型,制片国家/地区,语言,上映日期,片长,又名,IMDb链接
鬼故事,杰瑞米·德桑/安迪·尼曼,杰瑞米·德桑/安迪·尼曼,安迪·尼曼/马丁·弗瑞曼/保罗·怀特豪斯/埃里克斯·劳瑟/保罗·沃伦/寇布勒·霍尔德布鲁克-史密斯/尼古拉斯·本恩斯/丹尼尔·希尔/山缪尔·博顿利/杰克·戴维斯/达伦·布朗,剧情/恐怖,英国,英语,2017-10-05(伦敦电影节)/2018-04-06(英国),98分钟,鬼谈怪说,tt5516328
忌日快乐,克里斯托弗·兰登,斯科特·洛布德尔,杰西卡·罗德/伊瑟尔·布罗萨德/露比·莫迪恩/查尔斯·艾特肯/劳拉·克利夫顿/杰森·拜尔/罗布·梅洛/瑞秋·马休斯/拉姆齐·安德森/布雷迪·刘易斯/飞·武/泰内娅·因崔亚戈/布莱恩·克恩/卡瑞尔拉·史密斯/吉米·冈萨雷斯/比利·斯洛特/唐娜·杜普兰提尔/吉吉·埃内塔/林赛·G·史密斯/戴恩·罗兹/凯莱布·斯比尔亚兹/蜜西·雅格,悬疑/惊悚/恐怖,美国,英语,2018-02-02(中国大陆)/2017-10-13(美国),96分钟,死日快乐/吓到半死/死亡无限LOOP(港)/Again/HalftoDeath/HappyBirthdead,tt5308322
异形：契约,雷德利·斯科特,迈克尔·格林/约翰·洛根/杰克·帕格恩,迈克尔·法斯宾德/凯瑟琳·沃特斯顿/比利·克鲁德普/丹尼·麦克布莱德/德米安·比齐尔/卡门·艾乔戈/朱西·斯莫利特/考莉·埃尔南德斯/艾米·西米茨/纳撒尼尔·迪安/亚历山大·英格兰/本杰明·里格比/乌利·拉图基孚/泰丝·哈乌布里奇/罗蕾莱·金/哈维尔·博泰特/詹姆斯·弗兰科/盖·皮尔斯/劳米·拉佩斯,科幻/恐怖,美国,英语,2017-06-16(中国大陆)/2017-05-10(法国)/2017-05-19(美国),122分钟/116分钟(中国大陆),异形：圣约(港/台)/神奇异形在哪里(豆友译名)/已开：大勺(豆友译名)/异形：失乐园/普罗米修斯2/Prometheus2/Alien:ParadiseLost,tt2316204
解除好友2：暗网,斯蒂芬·思科,斯蒂芬·思科,科林·伍德尔/斯蒂芬妮·诺格拉斯/瑞贝卡·瑞滕豪斯/安德鲁斯·李斯/贝蒂·加布里埃尔/康纳·戴尔·里奥/萨维拉·温蒂亚尼/切尔西·阿尔登/道格拉斯·泰特/阿什顿·斯迈利/阿历萨·芒索,恐怖/犯罪,美国,英语,2018-03-09(西南偏南电影节)/2018-07-20(美国),92分钟,杀讯2(台)/解除好友2/解除好友：游戏之夜,tt4761916
寄宿学校,鲍兹·亚金,鲍兹·亚金,卢克·普拉尔/斯特林·杰里斯/威尔·帕顿/科比·乔治/卡丁·乔治/尼古拉斯·J·奥利韦里/萨曼莎·玛西丝/罗伯特·约翰·伯克/纳迪娅·亚历山大/露西·沃特斯/坦米·布兰查德/大卫·阿隆·贝克,悬疑/恐怖,美国,英语,2018-08-31(美国),111分钟,诡学院(台),tt6224502
电锯惊魂8：竖锯,迈克尔·斯派瑞/彼得·斯派瑞,皮特·古德芬格/乔什·斯托博格,马特·帕斯摩尔/托宾·贝尔/考乐姆·吉斯·雷尼/汉娜·艾米莉·安德森/科勒·班尼特/劳拉·范德沃特/保罗·布朗斯坦/曼德拉·范·皮布尔斯/布列塔尼·艾伦/乔赛亚·布莱克/爱德华·拉特尔/迈克·布瓦韦尔,悬疑/惊悚/恐怖,美国/加拿大,英语,2017-10-27(美国),92分钟,电锯惊魂8/夺魂锯：游戏重启(台)/恐惧斗室之狂魔再现(港)/电锯惊魂：遗产/Saw:Legacy/SawVIII,tt3348730
小丑回魂,安德斯·穆斯切蒂,蔡斯·帕默/凯瑞·福永/加里·多伯曼/斯蒂芬·金,比尔·斯卡斯加德/杰登·马泰尔/杰里米·雷·泰勒/索菲娅·莉莉丝/菲恩·伍法德/乔森·雅各布/杰克·迪伦·格雷泽/瓦耶特·奥莱夫/杰克逊·罗伯特·斯科特/尼古拉斯·汉密尔顿/杰克·辛/洛根·汤普森/欧文·泰格/斯蒂夫·博加尔特/斯图尔特·休斯/杰弗里·庞塞特/皮普·德怀尔/莫莉·阿特金森/史蒂文·威廉姆斯/伊丽莎白·桑德斯/梅根·查彭提尔/安东尼·尤埃西/哈维尔·博泰特/伊莎贝尔·内利瑟/尼尔·克容,剧情/恐怖/儿童,美国/加拿大,英语,2017-08-29(伦敦恐怖电影节)/2017-09-08(美国),135分钟,它(台)/It:ChapterOne,tt1396484
遗传厄运,阿里·艾斯特,阿里·艾斯特,亚历克斯·沃尔夫/加布里埃尔·伯恩/托妮·科莱特/米莉·夏普洛/克里斯蒂·萨默海斯/摩根·伦德/马洛里·贝克特尔/杰克·布朗/布赖恩·拉谢尔/海蒂·门德兹/莫伊塞斯L·托瓦/贾罗德·菲利普斯/安·唐德/布罗克·麦金尼/扎克瑞·亚瑟/奥斯丁·R·格兰特,悬疑/惊悚/恐怖,美国,英语,2018-01-21(圣丹斯电影节)/2018-06-08(美国),127分钟,宿怨(台)/祖孽(港)/厄运遗传,tt7784604
修女,科林·哈迪,加里·多伯曼/温子仁,德米安·比齐尔/泰莎·法米加/乔纳斯·布洛凯/邦妮·阿伦斯/维拉·法米加/帕特里克·威尔森/英格丽·比苏/夏洛特·霍普/桑德拉·特蕾丝/奥古斯特·马图洛/迈克尔·史麦利/大卫·霍罗维奇/丽丽·博尔丹/斯嘉丽·希克斯/丽兹·科菲/迪·布拉雷·贝克尔/黛布拉·威尔逊/马克·斯达格/莉迪亚·科洛科/艾玛·阿普尔顿/约翰尼·科瓦内/丹尼尔·曼德尔/西蒙·瑞/桑德拉·罗斯科,悬疑/惊悚/恐怖,美国,英语/法语/罗马尼亚语/拉丁语,2018-09-07(美国),96分钟,招魂外传/鬼修女(台)/诡修女(港)/Valak,tt5814060
昆池岩,郑凡植,郑凡植,魏河俊/朴智炫/吴雅妍/文艺媛/朴成勋/刘帝允/李丞旭,恐怖,韩国,韩语,2018-03-28(韩国),94分钟,鬼病院：灵异直播(台)/疯人院逐个捉(港)/魂断疯人院/Gonjiam:HauntedAsylum,tt8119752
神童,尼古拉斯·麦卡锡,杰夫·布勒,泰勒·席林/布列塔尼·艾伦/杰克逊·罗伯特·斯科特/科鲁姆·费奥瑞/彼得·穆尼/奥妮克·阿德莉/艾丽莎·莫勒切里/宝拉·布德罗/保罗·福托/戴维·科赫史密斯/马克·史派克/迈克尔·戴森,惊悚/恐怖,香港/美国,英语,2019-02-08(美国),92分钟,鬼裔(台)/后裔/Descendant,tt4504044
寂静之地,约翰·卡拉辛斯基,布莱恩·伍兹/斯科特·贝克/约翰·卡拉辛斯基,艾米莉·布朗特/约翰·卡拉辛斯基/米利森特·西蒙兹/诺亚·尤佩/凯德·伍德沃德/里昂·拉瑟姆/桃乐丝·麦卡锡,惊悚/恐怖,美国,美国手语/英语,2018-05-18(中国大陆)/2018-03-09(西南偏南电影节)/2018-04-06(美国),90分钟/91分钟(中国大陆),无声绝境(港)/噤界(台)/静地,tt6644200
阴风阵阵,卢卡·瓜达尼诺,达里亚·尼科洛迪/大卫·凯根内奇/达里奥·阿基多,达科塔·约翰逊/蒂尔达·斯文顿/科洛·莫瑞兹/米娅·高斯/杰西卡·哈珀/西尔维·泰斯蒂/安吉拉·温科勒/玛高莎·贝拉/英格丽·卡文,惊悚/恐怖,意大利/美国,英语/德语/法语,2018-09-01(威尼斯电影节)/2018-11-02(美国),152分钟,美版阴风阵阵/窒息(台),tt1034415
霸主,朱利叶斯·艾弗里,比利·雷/马克·L·史密斯,约翰·艾德坡/怀亚特·罗素/马蒂尔德·奥利维耶/皮鲁·埃斯贝克/约翰·马加罗/伊恩·德·卡斯泰克/雅各布·安德森/多米尼克·阿普尔怀特/博基姆·伍德拜因/恩里奇·雷德曼/马克·麦克肯纳/海莉·卡迈克尔/米迦勒·埃普/RossTomlinson/本·特瓦索里/安迪·韦勒姆/帕特里克·布拉莫尔/肖恩·狄克逊/豪尔赫·莱昂·马丁内斯/伊娃·马格亚,动作/科幻/恐怖/战争,美国/加拿大,英语/俄语/法语/德语,2018-09-22(奥斯汀奇幻电影节)/2018-11-09(美国),110分钟,大君主之役(港)/霸王行动/君主/大君主行动,tt4530422
潜伏4：锁命亡灵,亚当·罗比特尔,雷·沃纳尔,林·沙烨/雷·沃纳尔/安格斯·桑普森/柯克·埃斯沃多/凯特琳·杰拉德/史宾塞·洛克/乔什·斯图沃特/特莎·费勒/阿勒奎·里德/艾娃·寇克尔/皮尔斯·波普/布鲁斯·戴维森/哈维尔·博泰特/马库斯·亨德森/阿曼达·亚罗斯,惊悚/恐怖,美国/加拿大,英语,2018-01-05(美国),103分钟,潜伏4/阴儿房第4章：锁命亡灵(台)/儿凶第四回(港)/潜伏4：最后的线索/潜伏4：最后的钥匙/Insidious:Chapter4,tt5726086
诡怪疑云,德米安·鲁格纳,德米安·鲁格纳,阿里埃尔·查瓦里亚/马克西米利亚诺·吉安尼/诺贝托·冈萨罗,恐怖,阿根廷,西班牙语,2017-10-27(莫比多影展)/2018-05-03(阿根廷),87分钟,惊魂未定/Terrified,tt7549892
月光光心慌慌,大卫·戈登·格林,杰夫·弗拉德利/丹尼·麦克布莱德/大卫·戈登·格林/约翰·卡朋特/黛布拉·希尔,杰米·李·柯蒂斯/朱迪·格雷尔/安迪·马蒂切克/詹姆斯·裘德·柯特尼/尼克·卡斯特尔/哈鲁克·比尔根纳尔/威尔·帕顿/里安·里斯/杰佛逊·豪尔/托比·胡斯/维吉尼亚·加德纳/迪伦·阿诺德/迈尔斯·罗宾斯/德鲁·谢伊德/吉布瑞尔·南谭布/迈克尔·哈瑞蒂/马修·安德森/奥马尔·J·多尔西/克里斯托弗·艾伦·尼尔森/P·J·索尔丝/桑迪·约翰逊/乔恩·埃里克·海克瑟姆/梅诺·佩卢斯/杰瑞德·莫泽/罗布·尼特,惊悚/恐怖,美国,英语,2018-09-08(多伦多电影节)/2018-10-19(美国),106分钟,月光光新慌慌(台)/万圣节归来/万圣节11/Halloween3-D/HalloweenReturns/HalloweenIII,tt1502407
摄影机不要停！,上田慎一郎,上田慎一郎,滨津隆之/真鱼/主浜晴美/秋山柚稀/长屋和彰/细井学/市原洋/山崎俊太郎/大泽真一郎/竹原芳子/吉田美纪/合田纯奈/浅森咲希奈/山口友和/藤村拓矢/岩合智史/高桥恭子,喜剧/恐怖,日本,日语,2017-11-04(东京首映)/2018-06-23(日本),96分钟,尸杀片场(港)/一尸到底(台)/OneCutoftheDead/Kameraotomeruna!,tt7914416
噩梦娃娃屋,巴斯卡·劳吉哈,巴斯卡·劳吉哈,克里斯塔尔·里德/玛莲·法莫/阿纳斯塔西娅·菲利普斯/艾米莉亚·琼斯/泰勒·辛克森/凯文·泡尔/罗布·阿切尔/MariamBernstein/艾丽西亚·约翰斯顿/埃内斯托·格里菲思/亚当·哈蒂格/丹尼斯·科齐/沙龙·巴杰/托尼·布拉加/保罗·特利/戈登·坦纳/埃里克·阿塔瓦尔/保罗·布莱恩特/泰瑞·雷/苏珊娜·普林格尔/马利克·劳吉尔/安吉拉·阿瑟,悬疑/惊悚/恐怖,法国/加拿大,英语/法语,2018-03-14(法国),91分钟,厄梦娃娃屋(台)/鬼域杀人事件(港)/IncidentinaGhostLand,tt6195094
人面鱼：红衣小女孩外传,庄绚维,简士耕,郑人硕/徐若瑄/吴至璿/张书伟/龙劭华/高慧君/陈少卉/辛佳颖,恐怖,台湾,汉语普通话,2018-11-12(金马影展)/2018-11-23(台湾),114分钟,红衣小女孩3/TheDevilFish,tt9283056
黑夜吞噬世界,多米尼克·罗彻,皮特·阿加曼/耶利米·古埃兹/纪尧姆·勒曼/多米尼克·罗彻,安德斯·丹尼尔森·李/格什菲·法拉哈尼/德尼·拉旺/西格丽·博阿茨兹/大卫·卡门诺斯,恐怖,法国,挪威语/英语,2018-03-07(法国),93分钟,夜噬人生(台)/TheNightEatstheWorld,tt4266076
使徒,加雷斯·埃文斯,加雷斯·埃文斯,丹·史蒂文斯/麦克·辛/露西·宝通/比尔·米尔纳/理查德·艾尔芬/克里斯汀·弗劳赛斯/马克·路易斯·琼斯/埃伦·里斯/保罗·希金斯/罗斯·奥亨尼西/斯图尔特·麦克尼尔/安妮斯·埃尔维,悬疑/惊悚/恐怖,美国,英语,2018-10-12(美国),130分钟,,tt6217306
黑森灵,大卫·布鲁克纳,乔·巴顿/亚当·奈韦尔,拉菲·斯波/阿舍尔·阿里/罗伯·詹姆斯-克里尔/山姆·特劳顿/保罗·雷德/马修·尼达姆/雅各布·詹姆斯·贝西克/玛丽亚·厄沃尔特/希拉里·李维斯/彼得·利德尔/弗朗西丝卡·穆拉/克丽·麦克莱恩/赞恩·加库,惊悚/恐怖,英国,英语/瑞典语,2017-09-08(多伦多电影节)/2017-10-13(英国),94分钟,林祭(港),tt5638642
狼屋,乔奎因·科西纳/克里斯托弗·列昂,乔奎因·科西纳/克里斯托弗·列昂/亚历山德拉·莫法特,阿玛莉亚·卡西尼/雷纳·克劳斯,剧情/动画/恐怖,智利/德国,西班牙语/德语,2018-02-22(柏林电影节),75分钟,TheWolfHouse/狼隐之家,tt8173728
死寂,约翰·R·莱昂耐迪,凯莉·凡·戴克/肖恩·范·戴克/蒂姆·雷柏,琪兰·席普卡/斯坦利·图齐/米兰达·奥图/约翰·考伯特/萨拉·阿伯特/凯尔·布瑞特科夫/邓普斯·布瑞克/比利·麦克莱伦/泰勒·拉芙,恐怖,德国/美国,英语,2019-04-10(美国),90分钟,收声刹(港)/寂静杀机(台),tt7315484
猖獗,金成勋,黄肇允/元新渊/黄肇允,玄彬/赵宇镇/张东健/金义城/李善彬/郑满植/徐智慧/赵达焕/金太祐/许成泰/朴镇宇/韩智恩/许俊硕/白秀章/郑惟安,动作/恐怖,韩国,韩语,2018-10-25(韩国),121分钟,尸杀帝国(港)/尸落之城(台)/Rampant,tt6927152
安娜贝尔2：诞生,大卫·F·桑德伯格,加里·多伯曼,斯黛芬妮·西格曼/特丽莎·贝特曼/露露·威尔逊/米兰达·奥图/安东尼·拉帕格利亚/艾丽西娅·维拉-贝利/格蕾丝·富尔顿/萨马拉·李/菲利帕·库特哈德/约瑟夫·比沙拉/凯莉·奥马利/布莱恩·豪威/亚当·巴特利/洛塔·洛森/布拉德·格林奎斯特/泰勒·巴克/马克·布拉姆霍尔/利亚姆·詹姆斯·拉莫斯/卢·卢·萨夫兰/泰勒·A·约翰逊/卡拉莱·奥斯汀,悬疑/惊悚/恐怖,美国,英语,2017-08-11(美国),109分钟,安娜贝尔：造孽(台)/诡娃安娜贝尔：造孽(港)/安娜贝尔2：创造物,tt5140878
康斯坦丁：恶魔之城 电影版,道格·墨菲,J·M·德马泰/史提夫·比塞特/艾伦·摩尔,马特·瑞安/达米恩·奥哈尔/劳拉·贝莉/艾米丽·奥布莱恩/罗宾·阿特金·唐斯/雷切尔·金西/吉姆·麦司奇门/凯文·迈克尔·理查德森,动画/恐怖/奇幻,美国,英语,2018-10-09(美国),90分钟,,tt9177882
粽邪,廖士涵,马自明,夏于乔/邹承恩/陈博正,剧情/惊悚/恐怖,台湾,汉语普通话,2018-08-31(台湾),106分钟,TheRopeCurse,tt9174800
人皮脸,亚历山大·布斯蒂罗/朱利安·莫利,塞斯·M·舍伍德/金·亨克尔/托比·霍珀,斯蒂芬·多尔夫/莉莉·泰勒/萨姆·斯特里克/凡妮莎·格拉斯/菲恩·琼斯/萨姆·科尔曼/杰西卡·马德森/詹姆斯·布鲁尔/克里斯托弗·亚当森/迪莫·亚历克谢夫/内森·库珀/德扬·安格洛夫/鲍里斯·卡巴切夫,惊悚/恐怖,美国,英语,2017-09-21(美国),87分钟,德州电锯杀人狂前传,tt2620590
坏种,罗伯·劳,威廉·玛奇/巴尔巴拉·马歇尔,麦肯娜·格瑞丝/卡拉·布欧诺/罗伯·劳/帕蒂·麦克马科/莎拉·杜格代尔/凯特·艾萨克/肖娜·约翰尼森/卢克·勒斯勒尔/约翰·埃梅特·特雷西/艾玛·梅里纳/玛茜·T·豪斯/洛恩·卡迪纳尔,剧情/悬疑/恐怖,美国,英语,2018-09-09(美国),84分钟,,tt4823992
活尸电梯,丹尼勒·米西奇亚,克里斯蒂亚诺·西科蒂/丹尼勒·米西奇亚,亚历山德罗·罗亚/卡罗利娜·克雷申蒂尼/克劳迪奥·卡米利/尤丽狄茜·艾克斯顿/马科·马内蒂/丹尼勒·尼西,惊悚/恐怖,意大利,意大利语,2017-08-27(格拉斯哥影展恐怖单元)/2018-08-14(意大利),100分钟,活尸电梯(台)/TheEnd?/TheEnd?-L'infernofuori,tt7085842
辣手保姆,约瑟夫·麦克金提·尼彻,布莱恩·达菲尔德,犹大·刘易斯/萨玛拉·维文/罗比·阿美尔/汉娜·梅·李/贝拉·索恩/艾米丽·阿琳·林德/安德鲁·巴切勒/道格·海利/莱丝莉·比伯/肯·马里诺/塞缪尔·吉尔伯特/扎卡里·亚力山大·赖斯/多克·达厄姆/让·克劳德·卢耶/迈尔斯·J·哈维/克里斯·维尔德/卡尔·麦克道维尔/乔纳森·贝莱,喜剧/恐怖,美国,英语,2017-10-13(美国),85分钟,风骚小保姆(台)/撒旦保姆,tt4225622
忌日快乐2,克里斯托弗·兰登,克里斯托弗·兰登,杰西卡·罗德/伊瑟尔·布罗萨德/露比·莫迪恩/苏拉·沙玛/史蒂夫·齐西斯/瑞秋·马休斯/查尔斯·艾特肯/莎拉·亚金/凯莱布·斯比尔亚兹/吉吉·埃内塔/劳拉·克利夫顿/温迪·米克洛维奇/凯勒布·拿奎恩/肯尼斯·以色列/泰内娅·因崔亚戈/布莱恩·克恩/川川/卡瑞尔拉·史密斯/罗布·梅洛/林赛·G·史密斯/飞·武/莎拉·贝纳尼/杰奎琳·哈里斯·马瑟恩/西尔维娅·格雷丝·克里姆/拉姆齐·安德森,悬疑/惊悚/恐怖,美国,英语,2019-02-13(美国),100分钟,死亡无限2次LOOP(港)/祝你忌日快乐(台)/HappyDeathDay2/HappyDeathDaytoYou,tt8155288
生化危机：复仇,辻本贵则,深见真/乔·麦克林,艾琳·卡希尔/达林·德·保罗/布莱恩·T·德莱尼/约翰·德米塔/凯文·多曼/杰森·范特/阿里夫·S·金成/玛丽·伊丽莎白·麦格林/马修·默瑟/托尼·奥立佛/阿尼·潘托哈/亚历山大·博林斯基/凯伦·斯特拉斯曼,动作/动画/恐怖/冒险,日本,英语/日语,2017-05-27(日本),97分钟,生化危机：血仇杀戮(港)/恶灵古堡：血仇(台)/ResidentEvil:Vendetta/BiohazardVendetta,tt5776208
真心话大冒险,杰夫·瓦德洛,迈克尔·赖斯/吉莉安·雅各布斯/克里斯托弗·罗奇/杰夫·瓦德洛,露西·海尔/泰勒·珀西/维奥莱特·比恩/司徒颂曦/索菲娅·阿里/诺兰·杰拉德·冯克/兰登·莱伯隆/山姆·勒纳/汤姆·蔡/奥罗拉·佩里纽/格雷格·丹尼尔/布莱德利·史密斯/维拉·泰勒/埃兹·加西亚/安德鲁·霍华德/奥马尔·莱瓦/莱斯莉·斯特拉顿/查森·班克斯/玛茜·简/亚历山大·罗伯茨/艾莉·劳弗/摩根·林霍尔姆/鲁本·加菲亚斯/布拉德利·斯内德克/蒂姆·内夫/乔·奥克曼/塞拉·希乌尔曼/多米尼克·韦德,惊悚/恐怖,美国,英语,2018-04-13(美国),100分钟,死神游戏：TRUTHORDARE(港),tt6772950
杰罗德游戏,迈克·弗拉纳根,迈克·弗拉纳根/杰夫·霍华德/斯蒂芬·金,卡拉·古奇诺/卡雷尔·斯特鲁基/布鲁斯·格林伍德/亨利·托马斯/基娅拉·奥利勒拉/凯特·西格尔/娜塔利·罗尔斯/汤姆·格林/斯图·库克森/格温德琳·穆兰巴/本·普罗斯基/乔恩·亚瑟/妮基亚·雷诺兹,惊悚/恐怖,美国,英语,2017-09-29(美国),103分钟,,tt3748172
马柔本宅秘事,塞尔希奥·G·桑切斯,塞尔希奥·G·桑切斯,乔治·麦凯/安雅·泰勒-乔伊/查理·希顿/米娅·高斯/马修·斯塔格/妮可拉·哈里森/凯尔·索列尔/汤姆·费舍尔/玛拉·凯瑟琳·皮尔斯/保罗·杰森/罗伯特·奈尔恩/劳拉·布鲁克,剧情/惊悚/恐怖,西班牙,英语,2017-09-11(多伦多电影节)/2017-10-27(西班牙),110分钟,髓骨/Marrowbone/TheSecretofMarrowbone,tt5886440
宠物坟场,凯文·库尔施/丹尼斯·维德迈尔,斯蒂芬·金/麦特‧格林伯格/杰夫·布勒,杰森·克拉克/艾米·西米茨/约翰·利思戈/杰特·劳伦斯/雨果·拉瓦/卢卡斯·拉瓦/奥布萨·艾哈迈德/阿丽莎·布鲁克·莱文/玛丽亚·埃雷拉/弗兰克·萧宾/琳达·E·史密斯/索尼娅·玛丽亚·基里拉/娜奥米·弗伦内特/艾丽森·奥唐奈尔,悬疑/惊悚/恐怖,美国,英语,2019-03-17(西南偏南电影节)/2019-04-05(美国),101分钟,诡墓(港)/禁入坟场(台)/宠物公墓/新宠物坟场,tt0837563
的士诡谈,韩彦博/裴魁山/刘淌/赵强,韩彦博,卢野/陈玺旭/周觅/裴魁山/严坤,喜剧/悬疑/恐怖,中国大陆,汉语普通话,2018-01-02(中国大陆),,,
妖铃铃,吴君如,周运海/查慕春/王贻兴,吴君如/沈腾/岳云鹏/张译/Papi酱/吴镇宇/方中信/焦俊艳/潘斌龙/阿如那/许君聪/李亦航/周冬雨/马思纯/李尚正,喜剧/恐怖,中国大陆,汉语普通话,2017-12-29(中国大陆),88分钟,妖妖铃/妖妖零/玲姐大闹萌贵坊/铃姐大闹萌贵坊/Goldbuster,tt7743588
1922,扎克·希尔迪奇,扎克·希尔迪奇/斯蒂芬·金,托马斯·简/莫莉·帕克/迪兰·施密德/凯特琳·伯纳德/尼尔·麦克唐纳/坦娅·钱普/布莱恩·达西·詹姆斯/鲍勃·弗雷泽/埃里克·李塞德/皮特·纽/布鲁斯·布莱恩/格雷姆·达菲,剧情/恐怖/犯罪,美国,英语,2017-09-23(奇幻电影节)/2017-10-20(美国),102分钟,,tt6214928
红衣小女孩2,程伟豪,简士耕,杨丞琳/许玮甯/高慧君/龙劭华/黄河/吴念轩/詹宛儒/林裔臻/林芷瑈/黄镫辉/刘引商,惊悚/恐怖,台湾,汉语普通话,2017-08-25(台湾),108分钟,Hongyixiaonuhai2/TheTag-Along2,tt6295898
八四年夏天,弗朗索瓦·西玛德/阿努克·惠斯塞尔/约恩-卡尔·惠斯塞尔,马特·莱斯利/斯蒂芬·J·史密斯,格雷厄姆·维奇尔/犹大·刘易斯/凯勒布·埃默里/科里·格鲁特-安德鲁/提拉·斯考比/里奇·索莫/贾森·加里-斯坦福德,剧情/惊悚/恐怖,加拿大/美国,英语,2018-01-22(圣丹斯电影节)/2018-08-10(美国),105分钟,,tt5774450
撒旦的奴隶,乔可·安华,乔可·安华/伊玛姆·坦托维,博朗·帕拉雷/塔拉·巴斯罗/恩迪·阿菲安/迪马斯·阿迪亚/阿尤·拉克斯米/埃吉·费德里,悬疑/恐怖,印度尼西亚/韩国,印度尼西亚语,2017-09-28(印度尼西亚),107分钟,凶铃契约(港)/鬼摇铃(台)/Satan'sSlaves,tt7076834
地面之洞,李·克罗宁,李·克罗宁/史蒂芬·希尔兹,莎娜·凯斯雷克/詹姆士·奎因·马奇/西蒙妮·柯比/史蒂夫·沃尔/欧文·马肯/莎拉·汉利/詹姆斯·卡沙莫/卡蒂·奥廷宁/贝内特·安德鲁/戴维·克罗利,恐怖,爱尔兰,英语,2019-01-25(圣丹斯电影节)/2019-02-26(网络),90分钟,婴魂不散,tt6198946
恶魔的请柬,提莫·塔哈亚托,提莫·塔哈亚托,切尔西·艾斯兰/佩维塔·皮尔斯/雷·萨亥塔彼/卡琳娜·苏万迪/萨摩·拉斐尔/哈迪贾·沙哈布/鲁思·马里尼/吉娜罗西/克拉拉·伯纳迪斯/妮科尔·罗西,恐怖,印度尼西亚,印度尼西亚语,2018-08-09(印度尼西亚),110分钟,MaytheDevilTakeYou,tt8765496
苌山虎,许政,许政,廉晶雅/朴赫权/申隣雅/李俊赫/方柔雪/许真/李律,悬疑/惊悚/恐怖,韩国,韩语,2017-08-17(韩国),100分钟,仿声灵(台)/TheMimic,tt7046826
地狱游乐园,格雷戈里·普罗金,塞斯·M·舍伍德/布莱尔·巴特勒/威廉·佩尼克/克里斯托弗·赛/阿克拉·库珀,辛西亚·梅尔卡多/斯蒂芬·康洛伊/艾米·福赛思/雷格·爱德沃兹/贝克斯·泰勒-克劳斯/克里斯蒂安·詹姆斯/马特·默丘里奥/罗比·阿特尔/乔治·霍华德·亚当斯/考特尼·迪茨/迈克尔·图尔克/托尼·托德/埃尔·格雷厄姆/肖恩·麦克米伦/布鲁克·杰伊·泰勒/本杰明·韦弗,恐怖,美国,英语,2018-09-28(美国),89分钟,血祭哈啰喂(港)/吓地狱(台)/Hellfest,tt1999890
承诺,索分·沙达菲斯,索分·沙达菲斯/SopanaChaowiwatkul/SupalerkNingsanond,楠迪·宗拉维蒙/安比查雅·松可寒/ThunyaphatPattarateerachaicharoen/PanisaraRikulsurakan/DuentemSalitul/BenjaminJosephVarney/SuchadaPoonpattanasuk/SurachaiNingsanond/TeerapopSongwaja/DuangjaiHiransri,剧情/惊悚/恐怖,泰国,泰语,2017-09-07(泰国),114分钟,尸约(台)/亲爱的朋友/ThePromise,tt7232438
鬼娃回魂7,唐·曼西尼,唐·曼西尼,詹妮弗·提莉/艾力克斯·文森特/扎克·圣蒂亚戈/菲奥娜·道里夫/SummerH.Howell,惊悚/恐怖,美国,英语,2017-09-27(韩国)/2017-10-03(美国),91分钟,灵异入侵7/鬼娃仪式(台)/鬼娃森77(台)/Chucky7/Child'sPlay7/CurseofChucky2,tt3280262
惊心食人族3,维克多·萨尔瓦,维克多·萨尔瓦,梅格·福斯特/吉娜·菲利普斯/乔纳森·布瑞克/卡丽·拉扎/斯坦·肖/乔斯·吉劳德/迈克尔·帕帕约翰/布兰顿·史密斯/唐·耶索,悬疑/惊悚/恐怖,美国,英语,2017-09-26(美国),85分钟,,tt1139592
许愿,约翰·R·莱昂耐迪,巴尔巴拉·马歇尔,乔伊·金/瑞恩·菲利普/李起弘/米切尔·斯莱格特/香农·珀瑟/西德尼·帕克/伊丽莎白·霍尔姆/约瑟芬·兰福德/亚历山大·努涅斯/达妮埃拉·巴博萨/凯文·汉查德/雪琳·芬/拉根·雷沃德/爱丽丝·李/米歇尔·亚历山大,惊悚/恐怖/奇幻,美国,英语,2017-07-14(美国),90分钟,夺命潘朵拉(台)/死神凶盒(港),tt5322012
汉娜格蕾丝的着魔,迪埃德里克·范·罗伊詹,布赖恩·西弗,薛·米契尔/格雷·达蒙/柯比·约翰逊/尼克·图恩/路易斯·赫特哈姆/斯坦娜·卡蒂克/马克西米利安·麦克纳马拉/雅各布·明-特伦特/小詹姆斯·A·沃森/玛丽安娜·贝亚德/吉斯·舒尔腾·范·艾查特/乔治·J·维茨纳/梅利莎·麦克米金/莱克西·罗斯,悬疑/惊悚/恐怖,美国,英语,2018-11-30(美国),86分钟,尸体/恶灵尸控/Cadaver,tt5734576
疯狂父母,布莱恩·泰勒,布莱恩·泰勒,尼古拉斯·凯奇/塞尔玛·布莱尔/安妮·文特斯/兰斯·亨利克森/约瑟夫·D·雷特曼/瑞秋·梅尔文/安吉·威尔莫特/奥利维亚·克劳希奇娅/洛雷娜·迪亚兹/扎克瑞·亚瑟/萨曼莎·莱摩尔/凯蒂·斯图尔特/乔治·格里菲斯/纳撒尼尔·赛兹莫尔/迈克尔·奇克/博昂内·戴维斯/克里斯汀·岱伊,惊悚/恐怖,美国,英语,2017-09-09(多伦多电影节)/2018-01-19(美国),83分钟,爸妈也疯狂(台)/爸爸妈妈,tt5462326
靶场,北村龙平,北村龙平/乔伊·奥布莱恩,JasonTobias/GrahamSkipper/AlexaYeames/KellyConnaire/StephaniePearson/RodHernandez/AnthonyKirlew/EricMatuschek/IkumiYoshimatsu,惊悚/恐怖,美国,英语,2017-09-10(多伦多电影节),90分钟,极限猎杀(台),tt6138228
俄国新娘,MichaelS.Ojeda,MichaelS.Ojeda,柯宾·伯恩森/YuliyaZelenskaya/克里斯蒂娜·碧曼诺娃/OksanaOrlan/MaryanneNagel/MichaelRobertBrandon/KeenanJohnston/LisaGoodman/ClementValentine/YefimSomin/AlisonKorman,惊悚/恐怖,美国,,2019-03-19(美国),101分钟,,tt6214468
遗愿,蒂莫西·伍德沃,JeffreyReddick/WilliamHalfon/JonathanDoyle,林·沙烨/迈克·韦尔奇/梅丽莎·博洛纳/史宾塞·洛克/托尼·托德,恐怖,美国,英语,2018-10-17(美国),95分钟,最后的愿望,tt9109306
野生狼性,FriedrichBöhm,FriedrichBöhm/FlorianEder,丽芙·泰勒/布拉德·道里夫/蓓尔·波利/詹姆斯·勒格罗/巴威石·帕特尔/弗兰克·迪尔/夏洛特·阿本/帕特里克·M·沃尔什/基南·乔利夫/MikeFaist/TroyRuptash/KellyLamorWilson/布莱恩·多纳休/JuliaRusatsky/CollinKelly-Sordelet,恐怖/奇幻,美国,英语,2018-04-13(美国),92分钟,,tt5085924
房客,BrianO'Malley,DavidTurpin,尤金·西蒙/大卫·布拉德利/莫·邓福德/比尔·米尔纳/迪尔德丽·奥卡尼/夏洛特·维嘉/RoisinMurphy/EmmetKelly,恐怖,爱尔兰,英语,2017-09-08(多伦多电影节)/2018-03-09(爱尔兰),92分钟,房剋(台),tt4399952
美人鱼之死亡湖,SvyatoslavPodgaevskiy,纳塔莉亚·杜波瓦亚/伊凡·卡普托诺夫/SvyatoslavPodgaevskiy,维多利亚·阿加拉科娃/EfimPetrunin/尼基塔·埃列涅夫/塞西尔·普尔哲/伊格·克里普诺夫/索菲亚·什德洛夫斯卡娅/达利亚·亚尔茨瓦夫/德米特里·亚采尔/阿拉·阿塔莫诺娃/埃米尔·沙莱斯/霍普·伊戈什娜,爱情/恐怖/奇幻,俄罗斯,俄语,2018-07-12(俄罗斯),87分钟,鬼人鱼：死水禁地(台)/TheMermaid:TheLakeoftheDead,tt7162390
禁入直播,丹尼尔·歌德哈伯,伊莎·马齐/丹尼尔·歌德哈伯/伊莎贝尔·林克-莱维,玛德琳·布鲁尔/帕奇·德拉奇/梅洛拉·沃尔特斯/戴文·德鲁伊/伊马尼·哈基姆/迈克尔·登普西/弗洛拉·迪亚兹/萨曼莎·罗宾森/杰西卡·帕克·肯尼迪/奎维·坦/以利亚·史蒂文森/伊莎·马齐,悬疑/惊悚/恐怖,美国,英语,2018-11-16(美国),94分钟,网络红人(港),tt8361028
鬼屋,RichRagsdale,KevinO'Sullivan/JasonChaseTyrrell,丝柯·泰勒-考普顿/詹姆斯·兰德里·赫伯特/小马克·布恩/RussellGeoffreyBanks/RichLeeGray/ElanaKrausz/KevinRagsdale/Wen-ChuYang/MichaelS.New/KatrinaGrey,惊悚/恐怖,泰国/美国,英语/泰语,2017-08-25(美国),100分钟,鬼屋泰凄厉(台)/猛鬼抓交替(台),tt4365566
曼蒂,帕诺斯·科斯马图斯,帕诺斯·科斯马图斯/亚伦·斯图尔特-安,尼古拉斯·凯奇/安德丽亚·瑞斯波罗格/莱纳斯·罗彻/奈德·丹内利/欧文·弗热瑞/理查德·布雷克/比尔·杜克/兰恩·皮雷/克莱蒙·马霍内/亚历克西斯·朱蒙特,动作/恐怖/犯罪,美国/比利时/英国,英语,2018-01-19(圣丹斯电影节)/2018-09-14(美国),121分钟,狂屠绝路(港)/曼迪,tt6998518
地狱铁匠,保尔·乌尔基霍·阿利霍,保尔·乌尔基霍·阿利霍/亚瑟·古里恰切瓦里亚,坎迪多·乌兰加/乌玛·布拉卡利亚/恩尼科·萨伽多伊/乔斯因·本格特伊/哥顿·桑切斯/艾托·乌尔塞莱/齐戈·毕尔巴鄂/阿尔姆德娜·熙德/安德·帕尔多/弗兰克·格里什,恐怖/奇幻,西班牙/法国,巴斯克语,2017-10-12(锡切斯电影节),98分钟,Errementari:TheBlacksmithandtheDevil,tt5592878
鬼网,黄国强/黄国辉/游达志,杜瑞榕/岑君茜/廖智勇/陈探,陈家乐/麦子乐/郭奕芯/鲍康儿/许雅婷/简淑儿/张建声/蒋祖曼,悬疑/惊悚/恐怖,香港,粤语,2017-11-23(香港),98分钟,GhostNet,tt7736104
心怀恶意,MichaelWinnick,MichaelWinnick,博亚娜·诺瓦科维奇/乔什·斯图沃特/戴尔里·林多/梅丽莎·博洛纳/伊薇特·耶茨/贾克琳·弗莱明/卢克·爱德华兹/本·范德梅/JoyKateLawson/BaileeMyKellCowperthwaite,惊悚/恐怖,美国,英语,2018-10-18(美国),91分钟,恶孕(台)/TheCurse,tt6197494
好孩子,马可·杜特拉/朱莉安娜·罗夏斯,朱莉安娜·罗夏斯/马可·杜特拉,伊萨贝尔·祖拉/玛乔丽·伊斯迪安努/米格尔·洛博/希达·莫雷拉/安德列·马克/马拉特·德斯卡尔奇斯/露西安娜·帕埃斯,剧情/恐怖/奇幻,巴西/法国/德国,葡萄牙语,2017-08-06(洛迦诺电影节)/2018-06-07(巴西),135分钟,礼貌/彬彬有礼/GoodManners,tt5480782
童使,清水崇,BrazilyAnneYamada/清水崇,泷泽秀明/有冈大贵/门胁麦,恐怖,日本,日语,2017-06-17(日本),111分钟,操控孩童/死小孩(台)/LittleNightmares,tt5856116
鬼哭神嚎：觉醒,弗兰克·卡方,弗兰克·卡方,贝拉·索恩/卡梅隆·莫纳汉/詹妮弗·杰森·李/泰勒·斯波瑞特勒/托马斯·曼/麦肯娜·格瑞丝/DanMartino/HunterGoligoski/BrianBreiter,惊悚/恐怖,美国,英语,2017-06-30(美国),87分钟,鬼哭神嚎：遗失的录影带/鬼杀人：苏醒/TheAmityvilleHorror:TheLostTapes/阴宅2(台),tt1935897
末世家园,MikeP.Nelson,MikeP.Nelson,泰勒·霍奇林/凯特·波茨沃斯/水野索诺娅/兰斯·莱迪克/大卫·达斯马齐连/丹娜·格瑞尔/劳拉·凯洛蒂/兰斯·E·尼克尔斯/杰夫·蔡斯/布拉德·利兰/戴夫·戴维斯/大卫·詹森/托马斯·弗兰西斯·墨菲/MikeP.Nelson/吉姆·格里森/戴恩·罗兹/JacinteBlankenship/埃迪·马休斯/MaryAliceRisener/NinaLeon/DillonAhlf/阿尔·维森特/JarenMitchell/OscarGale/StevenGrossman/LeePerkins/DevenMacNair/KadenWashingtonLewis/ParisHepburn/TimBell/MikeMayhall/索菲娅·罗萨莱斯/JoshDiogo/ErikSchultz/马蒂·费拉罗/MartinCovert/RichardHolden/TonyBeard/MarkYawn/尼古拉斯帕森斯/HugoChristian/JesseYarborough/JosephAngelette/AustinSeifert/LondonCurtis/CadenSwain/AnitraConnor/AnthonyBarbier/OliviaWeaver/EllyHebert/AvaAlyseAnthony/MichaelCampbell/MadisonKneiss,惊悚/恐怖,美国,,2018-06-29(美国),95分钟,末世国货,tt5591666
刑罚,泽维尔·吉恩斯,查德·海斯/凯利·海斯,索菲·库克森/布列塔尼·阿什沃思/拉杜·班泽鲁/哈维尔·博泰特/AlexisRodney/拉杜·安德烈·米库/伊凡·冈萨雷斯/奥利维娅·尼察,悬疑/惊悚/恐怖,美国/英国/罗马尼亚,英语,2017-07-01(印度尼西亚)/2017-10-06(美国),90分钟,虐灵者(港)/刑弑厉(台),tt4181782
蛰伏,JonathanHopkins,RichardHobley/JonathanHopkins,李美琪/西尔维斯特·迈可伊/威尔·坎普/威廉·霍普/山姆·特劳顿/马克·普雷斯顿/文森特·阿德里安/克丽丝滕·布什,恐怖,英国/美国,英语,2017-12-01(英国),,鬼壓床,tt5181852
鸡皮疙瘩2：闹鬼万圣节,阿里·桑德尔,罗伯·列博/R·L·斯坦,温迪·麦克伦登-考威/麦迪森·伊瑟曼/杰里米·雷·泰勒/郑肯/卡里尔·哈里斯/杰克·布莱克/克里斯·帕内尔/布赖斯·卡斯/佩顿·威奇/沙里·海德利/克里斯蒂安·芬拉森/马修·J·瓦斯奎斯/考特尼·劳伦·卡明斯/洁西·高伊/肯德里克·克罗斯/R·L·斯坦/米克·温格特/达林·德·保罗/肖恩·麦克米伦/帕蒂·舍尔哈斯,喜剧/恐怖/奇幻/冒险,美国,英语,2018-10-12(美国),90分钟,毛骨悚然2/Goosebumps2/Goosebumps:Horrorland/书中自有魔怪谷2：翻生万圣节(港),tt5664636
吸血粘土,梅沢壮一,梅沢壮一,武田杏香/杉本桃花/藤田恵名/牧原ゆゆ/篠田諒/津田宽治/黑泽明日香,恐怖,日本,日语,2017-08-19(日本),80分钟,大陶杀(港)/吸血人偶/Chiosûnendo/VampireClay,tt7026370
食人之饥,RobinAubert,罗宾·奥贝尔,Marc-AndréGrondin/莫妮亚·肖克里/CharlotteSt-Martin,剧情/恐怖,Canada,法语,,104分钟,Ravenous,tt6243140
下课,本杰明·阿尔弗曼,布瑞恩·麦考利,迪伦·斯普罗斯/蕾·格雷/肯特·奥斯博内/艾莉西亚·戴尔莫/米切尔·爱德华兹/维多利亚·泽兹乌斯/克里斯·鲍尔/莱斯丽·瑟斯顿/马修·J·伊万斯/兰道尔·朴/马克·凯利/海伦·索拉娅/罗伯特·朗斯特里特/布鲁克·迪尔曼/珍妮特·摩丝/罗万·史密斯/欧文·达格特/多麦妮·哈维尔,惊悚/恐怖,美国,英语,2017-10-08(圣地亚哥电影节)/2017-11-21(美国视频点播),87分钟,,tt5039994
行监坐守,西恩·卡特,JosephDembner,贝拉·索恩/娜塔丽·马丁内斯/克里斯托弗·杰姆斯·贝克/艾恩·格拉法德/钱德勒·里格斯/雷·沃纳尔/马修·维利希/杰瑞德·亚伯拉汉姆森,惊悚/恐怖,美国,英语,2017-10-31(美国),89分钟,HomeInvasion,tt2531334
原始狂暴：大脚怪传奇,PatrickMagee,JayLee/PatrickMagee,CaseyGagliardi/AndrewJosephMontgomery/埃洛·卡萨多斯,恐怖,美国,英语,2018-02-27(美国),106分钟,PrimalRage,tt5688868
无眠夜,古斯塔沃·埃尔南德斯,伊格纳西奥·加西亚·库库科维奇/祖玛·福德/古斯塔沃·埃尔南德斯,贝伦·鲁埃达/艾娃·德·多米尼奇/纳塔利娅·德·莫利纳/日尔曼·帕拉西奥斯/尤金尼亚·托巴尔/胡安·曼努尔·圭雷拉/玛丽亚·扎比/玛利亚·阿尔方萨·罗索,恐怖,西班牙/阿根廷/乌拉圭,西班牙语,2018-06-15(西班牙),106分钟,鬼入梦(台)/失眠是噩耗/YouShallNotSleep,tt7158686
血宴,欧文·艾格顿,欧文·艾格顿,扎克瑞·莱维/泰特·多诺万/赛切儿·加布埃尔/IslaCervelli/雅各布·巴特朗/罗比·凯/奥利维亚·格雷斯·阿普尔盖特/BarbaraDunkelman/JulietteKida/OwenEgerton/PaulOgola/NicholasRutherford/克里斯·杜贝克/特里斯坦·里格斯,喜剧/恐怖,美国,英语,2018-03-10(西南偏南电影节)/2018-08-17(英国)/2018-08-31(美国),92分钟,血祭欧买尬(台),tt7208564
幽冥之家,AnthonyScottBurns,MattOsterman/内森·帕克,妮可拉·佩尔茨/托马斯·曼/克里斯汀·霍恩/艾莉森·海萨克/RobertB.Kennedy/约翰·拉尔斯顿/珀西·海恩斯·怀特/CarlynBurchell/卢修斯·霍约斯/尼尔·怀特利/AaronHale/凯特·莫耶,惊悚/恐怖,美国/德国/加拿大,英语,2018-07-22(幻想曲电影节)/2018-07-27(美国),90分钟,冥房(台),tt2018069
尸控警戒,CheeKeongCheung,CheeKeongCheung/SteveHorvath/MarkStrange,OrisErhuero/CarlosGallardo/MarkStrange/KatarinaLeighWaters/MartynFord/JoshuaDickinson/AkiraKoieyama,动作/恐怖,英国,英语,2018-09-28(英国),,丧尸境界(台),tt2034176
恶灵之家,奥拉弗·约翰内斯松,本·科泰/EvaKonstantopoulos,弗洛伦斯·皮尤/西莉亚·伊姆里/本·劳埃德-休斯/ScottChambers/GeorginaBevan,恐怖,美国,英语,2018-10-05(美国/英国),89分钟,Hush,tt2386237
第三只眼睛,RockySoraya,RiheamJunianti/RockySoraya/FajarUmbara,JessicaMIla/BiancaHello/DannySumargo,惊悚/恐怖,印尼Indonesia,印尼语Indonesian,2017-11-30(印尼),108分钟,ZombieX,tt6506146
末世人间道,王天尉,王天尉/吴佰营/赵飞尔,杨添明/杨明逸/张伊楠/王昱超/贾凤柱/陈芊桦/唐鑫/杨漫,动作/惊悚/恐怖,中国大陆,汉语普通话,2018-01-19(中国大陆),90分钟,LostInApocalypse,tt7611326
毁灭僵尸,霍华德·麦凯恩,德克·布莱克曼/凯文·格雷维奥斯/DaveHaddock/霍华德·麦凯恩,,恐怖,美国,,,,,tt1272888
皮附,MichaelBoucherie,MichaelBoucherie/DavidBoucherie/NigelGearing/KeithTemple,TristanBeint/AmeliaBennett/SimonRivers,惊悚/恐怖,英国,英语,2017-08-26(英国),91分钟,,tt6345080
成人婴儿的进攻,DominicBrunt,JoanneMitchell/PaulShrimpton,KurtisLowe/AndrewDunn/莎莉·德克斯特,喜剧/恐怖,英国,英语,2017-08-26(英国),80分钟,AdultBabies,tt5871318
黑暗缪斯,豪梅·巴拉格罗,豪梅·巴拉格罗/费尔南多·纳瓦罗,艾略特·科万/弗朗卡·波滕特/安娜·乌拉鲁/蕾欧诺·瓦特林/曼努埃拉·贝列斯/琼妮·威利/克里斯托弗·洛伊德/斯特拉·麦克考斯克/张茵/吉伦･麦格林,惊悚/恐怖,西班牙/爱尔兰/比利时/法国,英语,2017-10-07(锡切斯电影节)/2017-11-10(西班牙),107分钟,阴诗咒(港)/Musa,tt5041296
黑盒子,SadracGonzález-Perellón,SadracGonzález-Perellón,LowenaMcDonell/JulianNicholson/HaydéeLysander/MarcPuiggener/DanielM.Jacobs/LucyTillett(voice),剧情/科幻/恐怖,西班牙,英语,2017-07-04(纳沙泰尔奇幻电影节),105分钟,爱丽丝的黑盒子(台)/黑空笼,tt5687424
安娜和世界末日,约翰·迈克菲尔,艾伦·迈克唐纳/莱恩·迈克亨利,艾拉·亨特/马尔科姆·卡明/莎拉·斯维尔/克里斯托弗·莱沃/玛里·休/本·威金斯/马克·本顿/保罗·凯耶/肖恩·康纳/约翰·温切斯特/艾拉·贾维斯/杰基·伯德,喜剧/恐怖/歌舞,美国/英国,英语,2017-09-22(奇幻电影节)/2018-11-29(澳大利亚),93分钟,安娜与末世,tt6433880
等待指示,JohnnyKevorkian,GavinWilliams,大卫·布拉德利/AbigailCruttenden/NeerjaNaik,科幻/悬疑/恐怖,英国,英语,2018-10-05(美国),91分钟,,tt4971408
今晚打丧尸,卢炜麟,余咏良,张继聪/白只/万梓良/吴家丽/王敏奕/颜卓灵,喜剧/恐怖,香港,粤语,2017-06-29(香港),105分钟,Zombiology:EnjoyYourselfTonight,tt6220406
小小陌生人,伦尼·阿伯拉罕森,露辛达·考克森/莎拉·沃特丝,多姆纳尔·格里森/露丝·威尔森/乔什·迪伦/夏洛特·兰普林/威尔·保尔特/达伦·肯特/凯特·菲利普斯/迪克西艾格瑞克斯/蒂姆·普莱斯特/洛娜·麦克法迪/克里斯·科克森/哈利·海顿-佩顿,剧情/悬疑/惊悚/恐怖,爱尔兰/英国/法国,英语,2018-08-31(美国),111分钟,,tt6859762
午夜人,朱利叶斯·拉姆齐,阿尔斯通·拉姆齐,艾丽克斯·埃索/佩拉·哈莉-贾德林/迪伦·麦蒂/瓦德·霍尔顿/安德鲁·罗森博格/约瑟夫·李·安德森/K·C·法尔达斯/威廉·布鲁姆菲尔德/戴维·斯帕多拉/马修·迈尔斯,恐怖,美国,英语,2017-06-19(洛杉矶电影节),94分钟,Revelers,tt5737582
快乐猎杀,"JoeDietsch,LouieGibson",LouieGibson/JoeDietsch,马丁·沃尔/KenLally/C.J.Baker/GarySturm/LieselHanson/JeremyLawson/FrederickLawrence/ConnorWilliams,恐怖,美国,英语,2017-09-22(美国),91分钟,欢迎来到猎杀小镇(台),tt5189770
小恶魔,艾利·克雷格,艾利·克雷格,伊万杰琳·莉莉/亚当·斯科特/莎莉·菲尔德/克兰西·布朗/凯尔·柏海莫/卡拉·盖洛/泰勒·莱伯恩/唐纳德·法森/布里奇特·埃弗里特/克里斯·德埃利亚/欧文·阿特拉斯/汉克·哈里斯/萨莎·威廉斯/克里斯托弗·米勒/布拉德·威廉姆斯,喜剧/恐怖,美国,英语,2017-09-01(美国),95分钟,,tt2937366
监控惊魂,SethFuller/ScottHussion,VictorZarcoff,安伯·明迪桑德/NevilleArchambault/切尔西·埃德蒙森/BrianneMoncrief/约翰-保罗·霍华德/汉克·罗杰森/洛拉·玛汀内斯-康宁安/泰特·弗莱彻/马修·佩奇,惊悚/恐怖,美国,英语,2018-07-27(美国),90分钟,十四个摄像头/ISeeYou,tt7476438
打车惊魂,BrianFrankVisciglia,KatSilvia/BrianFrankVisciglia/DustinFrost,DavidWachs/JessicaSerfaty/RonnieAlvarez,恐怖,美国,英语,2017-09-15(美国),85分钟,忧步(台),tt5339418
屠宰场准则,克利斯宾·米尔斯,克利斯宾·米尔斯/亨利·菲茨赫伯特/卢克·帕斯莫尔,阿萨·巴特菲尔德/芬恩·科尔/赫敏·科菲尔德/麦克·辛/西蒙·佩吉/尼克·弗罗斯特/杰米·布莱克利/加萨·阿鲁瓦利亚/汤姆·里斯哈里斯/乔·哈特利/伊莎贝拉·拉夫兰德/哈娜可福特曼/贝恩·科拉科/何梦琪/山姆·雷德兰/玛格特·罗比,喜剧/动作/恐怖,英国,英语,2018-10-31(英国),103分钟,屠宰场规则,tt6905696
萨布丽娜的惊心冒险：圣诞特别集,杰夫·伍尔诺,罗伯托·安古列·萨卡撒/唐娜·索兰,琪兰·席普卡/罗斯·林奇/露茜·戴维斯/钱斯·佩尔多莫/洁丝·辛克莱/米歇尔·戈麦兹/塔蒂·加布里埃/阿德莱恩·鲁道夫/理查德·柯伊尔/米兰达·奥图/阿比盖尔·F·考恩/杰迪代亚·古达克/麦肯娜·格瑞丝/布莱恩·马克金森/希瑟·多克森/阿德里安·霍夫/达伦·曼恩/克里斯托弗·罗莎蒙德/安妮特·赖利,剧情/恐怖/奇幻,美国,英语,2018-12-14(美国),60分钟,,tt9278078
零号病人,斯戴芬·卢佐维茨基,MikeLe,娜塔莉·多默尔/马特·史密斯/克莱夫·斯坦登/斯坦利·图齐/约翰·C·布莱德利/安娜斯塔西亚·哈罗德/阿格妮丝·迪恩/豪尔赫·莱昂·马丁内斯/皮帕·贝内特-华纳/詹姆斯·诺斯科特/柯林·麦克法兰/蒂利亚纳·布克丽瓦,动作/科幻/恐怖,英国,英语,2018-08-14(美国),93分钟,PatientZ,tt3458254
暗夜鬼抓床,DennisBartok,TomAbrams/DennisBartok,肖娜·麦克唐纳/LeahMcNamara/罗斯·诺贝尔,恐怖,爱尔兰,英语,2017-06-16(爱尔兰),85分钟,指甲人,tt4695098
切小金家的旅馆,林冠慧,林冠慧,张庭瑚/洪言翔/林鹤轩/郭书瑶/罗家英/朱咪咪,喜剧/恐怖,台湾,汉语普通话,2018-07-06(台湾),109分钟,切小金的旅馆/SecretsintheHotSpring,tt8587122
陌生人2,约翰内斯·罗伯茨,布莱恩·伯蒂诺/本·科泰,克里斯蒂娜·亨德里克斯/拜莉·麦迪逊/马丁·亨德森/艾玛·贝洛米/刘易斯·普尔曼/莉·恩斯林/达米安·马菲/丽雅·罗伯茨/普雷斯顿·萨德莱/加布里埃尔·A·拜恩/桑尼·迪克西特,恐怖,美国,英语,2018-03-09(美国),85分钟,只杀陌生人(港/台)/TheStrangers2,tt1285009
短柄斧4,亚当·格林,亚当·格林,派瑞·申/凯恩·霍德尔/LauraOrtiz/戴夫·谢里登/KrystalJoyBrown/费莉莎·罗斯/BrianQuinn/蒂凡妮·谢皮斯/蔡斯·威廉逊/KatieBooth/JonahRay/泰勒·梅恩/布雷克·沃道夫/丹妮尔·哈丽丝/亚当·格林/乔·林奇/托尼·托德,喜剧/恐怖,美国,英语,2017-09-12(德国),93分钟,维克托·克劳利/利斧狂魔(台),tt5534434
黑仙女,PrositRoy,PrositRoy/AbhishekBanerjee,安努舒卡·莎玛/帕拉姆巴拉塔·查特吉/拉贾特·卡普尔/RitabhariChakraborty/DibyenduBhattacharya,惊悚/恐怖,印度,印地语,2018-03-02(印度),137分钟,,tt7329858
邪恶宿舍夜惊魂,罗德里戈·科尔特斯,迈克尔·高德巴赫/克里斯·斯帕林/路易斯·邓肯,安娜索菲亚·罗伯/乌玛·瑟曼/伊莎贝拉·弗尔曼/维多利亚·莫洛勒斯/诺亚·西尔弗/泰勒·拉塞尔/罗希·戴/丽贝卡·弗朗特/乔迪·梅/皮普·托伦斯/克里斯蒂·米切尔/吉姆·斯图格恩/大卫·艾略特/布莱恩·博维尔/拉米罗·布拉斯/何塞·利努艾萨,剧情/恐怖/奇幻,美国,英语,2018-08-17(美国),96分钟,暗影学园(台)/漆黑的走廊尽头/黑暗走廊惊魂/沉入暗黑走廊,tt2372251
玛拉,CliveTonge,乔纳森·弗兰克,欧嘉·柯瑞兰寇/哈维尔·博泰特/兰斯·E·尼克尔斯/罗茜·费尔纳/梅丽莎·博洛纳/吉娅·斯科娃/MitchEakins/MackenzieImsand/DandyBarrett/CraigConway/KathyMcGraw/雅各布·格罗德尼克,惊悚/恐怖/犯罪,英国,英语,2018-08-22(菲律宾)/2018-09-07(美国)/2018-11-02(台湾),98分钟,夜驚(台湾),tt1773753
东京食尸鬼 真人版,萩原健太郎,楠野一郎/石田翠,洼田正孝/清水富美加/铃木伸之/苍井优/大泉洋/佐佐木希/村井国夫/浜野谦太/柳俊太郎/樱田日和/相田翔子,剧情/恐怖/奇幻,日本,日语,2017-07-16(富川奇幻电影节)/2017-07-29(日本),120分钟,东京喰种真人版/TokyoGhoul,tt5815944
吉屋,蒋开诗,,陈家乐/汤加文/张国强/龚慈恩/麦子乐,惊悚/恐怖,香港,粤语,2018-06-28(香港),98分钟,吉屋出租/BuyerBeware,tt8541440
第三波,DavidFreyne,DavidFreyne,艾伦·佩吉/汤姆-沃恩-劳勒/山姆·基利/斯图尔特·格雷厄姆/艾米·德·毕罕/彼得·坎皮恩/LesleyConroy,科幻/恐怖,爱尔兰,英语,2017-09-09(多伦多电影节)/2018-04-20(爱尔兰),95分钟,丧尸3/4(港)/丧尸病狂(台)/康复僵尸/TheThirdWave,tt3463106
女哭声,유영선,許聖洙(原作),孙娜恩/徐英姬,恐怖,韩国,韩语,2018-11-08(韩国),94分钟,TheWrath/夜半鬼哭声(台),tt9174388
断魂小丑,DamienLeone,,CatherineCorcoran/珍娜·凯内尔/玛格丽特·里德/KamalAhmed/DavidHowardThornton/凯蒂·马奎尔/SylviaWard,惊悚/恐怖,美国,英语,2017-10-28(英国),82分钟,劊樂小丑(台),tt4281724
笔仙大战贞子2,黄河,黄河,奚美丽/云翔/朱娅/王宇凝/林奕婧,惊悚/恐怖,中国大陆,汉语普通话,2017-11-17(中国大陆),91分钟,,
灵蚀,帕科·普拉萨,费尔南多·纳瓦罗/帕科·普拉萨,桑德拉·埃斯卡塞纳/布鲁纳·冈萨雷斯/克劳蒂亚·普莱瑟/伊凡·查韦罗/安娜·托伦特/康斯薇洛·特鲁希略/安吉拉·费比安/卡拉·坎普拉,恐怖,西班牙,西班牙语,2017-08-25(西班牙),105分钟,韦罗妮卡/日蚀亡灵(港),tt5862312
失心病狂,史蒂文·索德伯格,乔纳森·伯恩斯坦/詹姆斯·格里尔,乔舒华·莱纳德/克莱尔·芙伊/莎拉·斯蒂尔斯/马克·库迪奇/艾米·欧文/科林·伍德尔/迈拉·卢克利希亚·泰勒/琳达·茂泽/扎克·切利/波莉·麦基/杰·费罗尔/劳尔·卡斯提洛/朱诺·坦普尔/迈克尔·米姆/罗伯特·凯利/吉普森·弗雷泽/埃林·维赫米/艾米·穆林斯/约瑟夫·莱迪,剧情/惊悚/恐怖,美国,英语,2018-02-21(柏林电影节)/2018-03-23(美国),98分钟,疯人院(台)/疯·魔(港)/荒诞/表演者,tt7153766
温彻斯特,迈克尔·斯派瑞/彼得·斯派瑞,迈克尔·斯派瑞/彼得·斯派瑞/汤姆·沃恩,海伦·米伦/莎拉·斯努克/杰森·克拉克/安格斯·桑普森/布鲁斯·斯宾斯/埃蒙·法伦/劳拉·布伦特/泰勒·科宾/艾姆·怀斯曼/索尔·卡尔森/杰夫瑞·W·詹金斯/达韦恩·乔丹/泽维尔·勾奥尔特/爱丽丝·查斯顿/霍梅洛·洛佩兹/杰夫·里帕瑞,悬疑/惊悚/恐怖,美国/澳大利亚,英语,2018-02-02(美国),99分钟,温彻斯特鬼屋(台)/Winchester:TheHouseThatGhostsBuilt/WinchesterMysteryHouse/The13thHour,tt1072748
